pricipal_country_served;primary_source_water_type;status;type;water_system_name;water_system_no
ADAMS;GWP;A;C;ABINGDON;IL0015150
DU PAGE;SWP;A;C;ABS WATER COOP;IL0430050
ROCK ISLAND;GW;A;C;ACORN ACRES MHP;IL1615185
FRANKLIN;SWP;A;C;ADAMS COUNTY WATER DISTRICT NO 1;IL0555120
WHITESIDE;GW;A;C;ADDISON;IL1950050
CLINTON;SWP;A;C;AIR VIEW MHP;IL0270050
EDWARDS;GW;A;C;AKIN WATER DISTRICT;IL0470050
LAKE;GW;A;C;ALBANY;IL0971090
MERCER;GW;A;C;ALBERS;IL1310050
MORGAN;SWP;A;C;ALBION;IL1370020
WARREN;GW;A;C;ALDEN LONG GROVE NURSING CENTER;IL1874000
MCHENRY;GW;A;C;ALEDO;IL1110050
MADISON;SWP;A;C;ALEXANDER WATER DISTRICT;IL1190050
WABASH;GW;A;C;ALEXIS;IL1850050
LAKE;GW;A;C;ALGONQUIN;IL0975139
VERMILION;GW;A;C;ALHAMBRA;IL1834020
MARION;SWP;A;C;ALLENDALE;IL1210050
HENRY;GW;A;C;ALLENDALE ASSOCIATION;IL0730050
COOK;SWP;A;C;ALLERTON;IL0315125
SCOTT;GWP;A;C;ALMA;IL1715050
COOK;SWP;A;C;ALPHA;IL0310030
EFFINGHAM;SW;A;C;ALPINE VILLAGE MHP;IL0490050
UNION;GWP;A;C;ALSEY-GLASGOW WATER COMMISSION;IL1815150
KNOX;GW;A;C;ALSIP;IL0950100
VERMILION;GW;A;C;ALTAMONT;IL1830050
LEE;GW;A;C;ALTO PASS WATER DISTRICT;IL1030050
ST CLAIR;SWP;A;C;ALTONA;IL1635237
MCLEAN;GW;A;C;ALVAN;IL1130050
ROCK ISLAND;GW;A;C;AMBOY;IL1610050
HENRY;GW;A;C;AMERICAN WATER OPER AND MAINTENANCE, LLC;IL0730100
UNION;GWP;A;C;ANCHOR;IL1810050
UNION;GW;A;C;ANDALUSIA;IL1815050
HENRY;GW;A;C;ANDOVER;IL0730150
LAKE;GW;A;C;ANNA;IL0970050
MORGAN;SWP;A;C;ANNA-JONESBORO WATER COMMISSION;IL1370040
JO DAVIESS;GW;A;C;ANNAWAN;IL0850050
BOONE;GW;A;C;ANTIOCH;IL0075050
MCHENRY;GW;A;C;APPLE CREEK WATER COOP;IL1115150
MCHENRY;GW;A;C;APPLE RIVER;IL1115250
LAKE;GW;A;C;AQUA ILLINOIS-CANDLEWICK DVN;IL0975450
LAKE;GW;A;C;AQUA ILLINOIS-CRYSTAL CLEAR WATER CO.;IL0975040
KANKAKEE;GW;A;C;AQUA ILLINOIS-EASTWOOD MANOR;IL0915220
VERMILION;GW;A;C;AQUA ILLINOIS-FAIRHAVEN ESTATES;IL1830500
LAKE;GW;A;C;AQUA ILLINOIS-HAWTHORN WOODS;IL0970180
KANKAKEE;SW;A;C;AQUA ILLINOIS-HIGHLAND ESTATES;IL0915030
MCHENRY;GW;A;C;AQUA ILLINOIS-INDIANOLA;IL1115020
KANE;GW;A;C;AQUA ILLINOIS-IVANHOE;IL0895300
OGLE;GW;A;C;AQUA ILLINOIS-KANKAKEE;IL1415330
COOK;SWP;A;C;AQUA ILLINOIS-MCHENRY SHORES;IL0315350
MCHENRY;GW;A;C;AQUA ILLINOIS-MOECHERVILLE;IL1115600
KNOX;GW;A;C;AQUA ILLINOIS-NORDIC WOODS;IL0955200
WILL;GWP;A;C;AQUA ILLINOIS-NORTH MAINE UTILITIES;IL1977210
CHAMPAIGN;GWP;A;C;AQUA ILLINOIS-NUNDA;IL0190600
LAKE;GW;A;C;AQUA ILLINOIS-OAK RUN;IL0975070
WINNEBAGO;GW;A;C;AQUA ILLINOIS-OAKVIEW;IL2010080
KANKAKEE;GW;A;C;AQUA ILLINOIS-PHILO;IL0915450
COOK;SWP;A;C;AQUA ILLINOIS-RAVENNA;IL0312050
KANKAKEE;GW;A;C;AQUA ILLINOIS-SHERIDAN GROVE;IL0910720
VERMILION;SW;A;C;AQUA ILLINOIS-SKYLINE;IL1835120
WILL;GW;A;C;AQUA ILLINOIS-SUMMERDALE;IL1970060
WILL;GW;A;C;AQUA ILLINOIS-SUN RIVER TERRACE;IL1977870
OGLE;GW;A;C;AQUA ILLINOIS-VERMILION COUNTY;IL1415050
LAKE;GW;A;C;AQUA ILLINOIS-VILLAGE WOODS;IL0970330
DOUGLAS;GWP;A;C;AQUA ILLINOIS-WILLOWBROOK;IL0410050
DOUGLAS;GWP;A;C;AQUA ILLINOIS-WOODLAWN;IL0410020
CASS;GW;A;C;ARBORIA OF LONG GROVE SENIOR CARE;IL0170050
CASS;GWP;A;C;ARCOLA;IL0170080
MACON;GW;A;C;ARCOLA/TUSCOLA WATER TRANSMISSIOIN MAIN;IL1150050
BUREAU;GW;A;C;ARENZVILLE;IL0110050
COOK;SWP;A;C;ARENZVILLE RURAL WATER COOPERATIVE;IL0314030
COOK;SWP;A;C;ARGENTA;IL0310220
TAZEWELL;GW;A;C;ARLINGTON;IL1790050
ROCK ISLAND;GWP;A;C;ARLINGTON HEIGHTS;IL1610090
MCLEAN;GW;A;C;ARLINGTON PARK RACE TRACK;IL1130100
MOULTRIE;GW;A;C;ARMINGTON;IL1394040
IROQUOIS;GW;A;C;ARROW HEAD RANCH;IL0750050
CASS;SWP;A;C;ARROWSMITH;IL0170100
WASHINGTON;SWP;A;C;ARTHUR;IL1890100
COLES;GW;A;C;ASHKUM;IL0290050
LEE;GW;A;C;ASHLAND;IL1030100
CHRISTIAN;GW;A;C;ASHLEY;IL0210050
FULTON;GW;A;C;ASHMORE;IL0570050
MENARD;GW;A;C;ASHTON;IL1290050
HENRY;GW;A;C;ASSUMPTION;IL0730200
LOGAN;GW;A;C;ASTORIA;IL1070050
DOUGLAS;GW;A;C;ATHENS;IL0414060
SANGAMON;SWP;A;C;ATKINSON;IL1670050
HANCOCK;GWP;A;C;ATLANTA;IL0670050
KANE;SW;A;C;ATWOOD;IL0894070
KANE;GW;A;C;AUBURN;IL0895750
MARSHALL;GW;A;C;AUGUSTA;IL1235125
JACKSON;SWP;A;C;AURORA;IL0770050
LAKE;GW;A;C;AURORA COMMUNITY WATER ASSN;IL0971110
CLINTON;GW;A;C;AUTUMN RIDGE ESTATES;IL0270100
FULTON;GW;A;C;AVA;IL0570100
JO DAVIESS;GW;A;C;AVANTARA LONG GROVE;IL0855200
RANDOLPH;SWP;A;C;AVISTON;IL1570050
WILL;GW;A;C;AVON;IL1975180
LAKE;SWP;A;C;BAHL WATER CORP;IL0970100
KANKAKEE;GW;A;C;BALDWIN;IL0915145
MCDONOUGH;SWP;A;C;BALMORAL HEIGHTS SUBDIVISION;IL1090050
LAKE;GW;A;C;BANNOCKBURN;IL0974080
PIKE;GW;A;C;BARBERRY ACRES MHP;IL1490050
CLINTON;GW;A;C;BARDOLPH;IL0270150
COOK;SWP;A;C;BARRINGTON;IL0314120
KANE;GW;A;C;BARRY;IL0894130
CALHOUN;GW;A;C;BARTELSO;IL0130050
IROQUOIS;GW;A;C;BARTLETT;IL0755110
PIKE;GW;A;C;BATAVIA;IL1490100
LAKE;SWP;A;C;BATCHTOWN;IL0970010
LAKE;SWP;A;C;BAYLES LAKE LOT OWNERS ASSOCIATION;IL0970190
CASS;GW;A;C;BAYLIS;IL0170150
LOGAN;GW;A;C;BEACH MHP;IL1075150
IROQUOIS;GW;A;C;BEACH PARK;IL0755125
IROQUOIS;GW;A;C;BEARDSTOWN;IL0750100
CLINTON;SWP;A;C;BEASON CHESTNUT PWD;IL0270200
WILL;GW;A;C;BEAVER CREEK VILLAGE MHP;IL1975170
COOK;SWP;A;C;BEAVERVILLE;IL0310120
WILL;GW;A;C;BECKEMEYER;IL1970050
EFFINGHAM;GWP;A;C;BECKWITH COMMUNITY ASSOCIATION;IL0490100
JOHNSON;GW;A;C;BEDFORD PARK;IL0870050
JEFFERSON;SWP;A;C;BEECHER;IL0810050
MCLEAN;GW;A;C;BEECHER CITY;IL1130150
WABASH;GW;A;C;BELKNAP;IL1850100
COOK;SWP;A;C;BELLE RIVE;IL0310150
WINNEBAGO;GW;A;C;BELLFLOWER;WI1540112
BOONE;GW;A;C;BELLMONT;IL0070050
PIATT;GW;A;C;BELLWOOD;IL1470050
MACOUPIN;SWP;A;C;BELOIT WISCONSIN;IL1170050
DU PAGE;SWP;A;C;BELVIDERE;IL0434140
WOODFORD;GW;A;C;BEMENT;IL2030050
FRANKLIN;SWP;A;C;BENLD;IL0550050
COOK;SWP;A;C;BENSENVILLE;IL0310180
COOK;SWP;A;C;BENSON;IL0310210
MADISON;GW;A;C;BENTON;IL1190150
MOULTRIE;GW;A;C;BERKELEY;IL1390100
ROCK ISLAND;GW;A;C;BERWYN;IL1615530
HENDERSON;GWP;A;C;BETHALTO;IL0710050
WINNEBAGO;GW;A;C;BETHANY;IL2015345
LAWRENCE;GWP;A;C;BEVERLY HILLSDALE ESTATES, LLC;IL1015300
HENRY;GW;A;C;BIGGSVILLE;IL0730250
VERMILION;GW;A;C;BILL-MAR HEIGHTS MHP;IL1835250
SANGAMON;SWP;A;C;BIRDS PINKSTAFF WATER DISTRICT;IL1670120
HENRY;GW;A;C;BISHOP HILL;IL0730130
COOK;GW;A;C;BISMARCK COMMUNITY WATER DISTRICT;IL0317765
WILLIAMSON;SWP;A;C;BISSELL VILLAGE MHC;IL1995350
MCDONOUGH;SW;A;C;BLACKHAWK COLLEGE EAST CAMPUS;IL1090100
MCLEAN;SWP;A;C;BLACKHAWK ESTATES LLC;IL1130210
DU PAGE;SWP;A;C;BLAIRSVILLE PWD;IL0430100
MCLEAN;SW;A;C;BLANDINSVILLE;IL1130200
MCLEAN;SWP;A;C;BLM GW MHP, LLC;IL1130040
MCLEAN;SWP;A;C;BLOOMINGDALE;IL1135120
COOK;SWP;A;C;BLOOMINGTON;IL0310240
MACON;GW;A;C;BLOOMINGTON TOWNSHIP PWD WEST PHASE;IL1150100
LAKE;GW;A;C;BLOOMINGTON TOWNSHIP PWD-CRESTWICKE;IL0970240
SCOTT;GW;A;C;BLUE ISLAND;IL1710100
JEFFERSON;SWP;A;C;BLUE MOUND;IL0810100
BOND;SWP;A;C;BLUFF LAKE LODGES, INC.;IL0050020
EDWARDS;GW;A;C;BLUFFS;IL0470100
JEFFERSON;SWP;A;C;BLUFORD;IL0810150
WILL;GWP;A;C;BOND/MADISON WATER COMPANY;IL1975140
MACON;GWP;A;C;BONE GAP;IL1150020
GRUNDY;GW;A;C;BONNIE;IL0635125
HANCOCK;GWP;A;C;BONNIE BRAE FOREST MANOR SNDST;IL0670200
WAYNE;SWP;A;C;BOODY COMMUNITY WATER COMPANY;IL1915050
GRUNDY;GW;A;C;BOOKWALTER WOODS MHP;IL0630050
STARK;GW;A;C;BOWEN;IL1750050
WINNEBAGO;GW;A;C;BOYLESTON WATERWORKS CORP;IL2015050
WILL;GW;A;C;BRACEVILLE;IL1970150
CLINTON;SW;A;C;BRADFORD;IL0270250
LAKE;GW;A;C;BRADLEY HEIGHTS SUBDIVISION;IL0971060
LAWRENCE;GW;A;C;BRAIDWOOD;IL1010100
COOK;SWP;A;C;BREESE;IL0310270
MACOUPIN;SWP;A;C;BRIARCREST SBDV HOMEOWNERS ASSOCIATION;IL1174160
PEORIA;GW;A;C;BRIDGEPORT;IL1430150
CHAMPAIGN;GWP;A;C;BRIDGEVIEW;IL0190050
COOK;SWP;A;C;BRIGHTON;IL0310300
COOK;SWP;A;C;BRIMFIELD;IL0317580
LOGAN;GW;A;C;BROADLANDS;IL1070100
EDGAR;GW;A;C;BROADVIEW;IL0450050
COOK;SWP;A;C;BROADVIEW-WESTCHESTER JOINT WATER AGENCY;IL0310330
COOK;SWP;A;C;BROADWELL;IL0315130
MASSAC;GW;A;C;BROCTON;IL1270050
HAMILTON;GWP;A;C;BROOKFIELD;IL0650100
SCHUYLER;GW;A;C;BROOKFIELD-NORTH RIVERSIDE WATER COMM.;IL1690050
FAYETTE;GWP;A;C;BROOKPORT;IL0510100
WHITE;GWP;A;C;BROUGHTON WATER DISTRICT;IL1930020
CALHOUN;GW;A;C;BROWNING;IL0130100
FULTON;GWP;A;C;BROWNSTOWN;IL0570200
DE KALB;GW;A;C;BROWNSVILLE;IL0375100
KANKAKEE;GW;A;C;BRUSSELS;IL0910250
IROQUOIS;GW;A;C;BRYANT;IL0750150
FRANKLIN;SWP;A;C;BUCK LAKE ESTATES SUBDIVISION;IL0550100
BUREAU;GW;A;C;BUCKINGHAM;IL0110100
COOK;SWP;A;C;BUCKLEY;IL0314180
PEORIA;GW;A;C;BUCKNER;IL1430080
JACKSON;SWP;A;C;BUDA;IL0775420
MACOUPIN;SWP;A;C;BUFFALO GROVE;IL1170100
BUREAU;GW;A;C;BUFFALO HOLLOW FARMS WATER ASSOC;IL0110150
KANE;GW;A;C;BUNCOMBE WATER DISTRICT;IL0890150
COOK;SWP;A;C;BUNKER HILL;IL0310360
JOHNSON;SWP;A;C;BUREAU JUNCTION;IL0875050
WHITE;GWP;A;C;BURLINGTON;IL1930010
DU PAGE;SWP;A;C;BURNHAM;IL0434190
GRUNDY;GWP;A;C;BURNSIDE PWD;IL0630070
WILLIAMSON;SWP;A;C;BURNT PRAIRIE;IL1990050
MCDONOUGH;GW;A;C;BURR RIDGE;IL1090150
WILL;GW;A;C;BURT ESTATES MHC;IL1975195
MONTGOMERY;SWP;A;C;BUSH;IL1350050
HENRY;GW;A;C;BUSHNELL;IL0735000
OGLE;GW;A;C;BUSY BEE MHP #1;IL1410100
FORD;GW;A;C;BUTLER;IL0534200
ST CLAIR;SWP;A;C;BUYSSE SUBDIVISION;IL1630200
RICHLAND;GW;A;C;BYRON;IL1590050
CALHOUN;GW;A;C;CABERY;IL0130010
COOK;SWP;A;C;CAHOKIA;IL0310390
COOK;SWP;A;C;CALHOUN;IL0310420
DOUGLAS;GWP;A;C;CALHOUN COUNTY RWD;IL0410100
WILLIAMSON;SWP;A;C;CALUMET CITY;IL1990100
HENRY;GW;A;C;CALUMET PARK;IL0730300
SCHUYLER;GWP;A;C;CAMARGO;IL1695100
MARSHALL;GW;A;C;CAMBRIA;IL1235100
ADAMS;GWP;A;C;CAMBRIDGE;IL0010050
JACKSON;SWP;A;C;CAMDEN-LITTLETON WATER COMMISSION;IL0770100
LIVINGSTON;GW;A;C;CAMP GROVE;IL1050050
COOK;GWP;A;C;CAMP POINT;IL0315175
FULTON;GU;A;C;CAMPBELL HILL;IL0570250
BOONE;GW;A;C;CAMPUS;IL0070100
BOONE;GW;A;C;CANDLELIGHT VILLAGE MHP;IL0075105
ROCK ISLAND;GW;A;C;CANTON;IL1610100
GRUNDY;GWP;A;C;CAPRON;IL0630100
JACKSON;SW;A;C;CAPRON MHP;IL0770150
MACOUPIN;SW;A;C;CARBON CLIFF;IL1170150
MCLEAN;GW;A;C;CARBON HILL;IL1130250
CLINTON;SW;A;C;CARBONDALE;IL0270300
CLINTON;SWP;A;C;CARLINVILLE;IL0270010
CLINTON;SWP;A;C;CARLOCK;IL0275120
WHITE;GW;A;C;CARLYLE;IL1930100
DU PAGE;SWP;A;C;CARLYLE NORTH WATER COMPANY, INC.;IL0430200
KANE;GW;A;C;CARLYLE SOUTHWEST PWD;IL0890200
SALINE;GWP;A;C;CARMI;IL1650050
CARROLL;GW;A;C;CAROL STREAM;IL0155200
GREENE;GW;A;C;CARPENTERSVILLE;IL0610050
WILLIAMSON;SWP;A;C;CARRIER MILLS;IL1990150
HANCOCK;SW;A;C;CARROLL HEIGHTS UTILITIES COMPANY;IL0670250
MCHENRY;GW;A;C;CARROLLTON;IL1110100
CLARK;GWP;A;C;CARTERVILLE;IL0230050
ST CLAIR;SWP;A;C;CARTHAGE;IL1630250
CASS;GWP;A;C;CARY;IL0170010
WOODFORD;GW;A;C;CASEY;IL2035030
VERMILION;SWP;A;C;CASEYVILLE;IL1830150
HARDIN;GWP;A;C;CASS RURAL WATER DISTRICT;IL0690050
ROCK ISLAND;GW;A;C;CATERPILLAR TRAIL PWD;IL1615170
LA SALLE;GW;A;C;CATLIN;IL0995040
KNOX;GW;A;C;CAVE-IN-ROCK;IL0955150
STEPHENSON;GW;A;C;CEDAR BROOK ESTATES SUBDIVISION;IL1770050
ALEXANDER;GWP;A;C;CEDAR POINT WATER COMPANY;IL0035100
LAKE;SW;A;C;CEDAR WATER COMPANY, INC.;IL0971070
MACOUPIN;SWP;A;C;CEDARVILLE;IL1170040
COOK;SWP;A;C;CENTRAL ALEXANDER CNTY PWD;IL0315570
MARION;SW;A;C;CENTRAL LAKE COUNTY JAWA;IL1214220
CARROLL;GW;A;C;CENTRAL MACOUPIN COUNTY RWD;IL0150020
PIATT;GW;A;C;CENTRAL STICKNEY SD;IL1470100
CARROLL;GW;A;C;CENTRALIA;IL0150050
LAKE;GW;A;C;CENTURY PINES APARTMENTS;IL0975165
CASS;GW;A;C;CERRO GORDO;IL0170200
WILL;GW;A;C;CHADWICK;IL1970200
WILL;GWP;A;C;CHAIN-O-LAKES MHP;IL1970070
MORGAN;GUP;A;C;CHANDLERVILLE;IL1370050
COLES;SW;A;C;CHANNAHON;IL0290100
SANGAMON;GWP;A;C;CHANNAHON EAST;IL1670300
LIVINGSTON;GW;A;C;CHAPIN;IL1050100
IROQUOIS;GW;A;C;CHARLESTON;IL0754240
MCLEAN;GW;A;C;CHATHAM;IL1130300
BUREAU;GW;A;C;CHATSWORTH;IL0110200
ROCK ISLAND;GW;A;C;CHEBANSE;IL1615120
WINNEBAGO;GW;A;C;CHENOA;IL2010050
RANDOLPH;SW;A;C;CHERRY;IL1570100
MACOUPIN;SWP;A;C;CHERRY DALE SUBDIVISION;IL1170200
COOK;SW;A;C;CHERRY VALLEY;IL0316000
COOK;SWP;A;C;CHESTER;IL0310450
COOK;SWP;A;C;CHESTERFIELD;IL0310480
ROCK ISLAND;GW;A;C;CHICAGO;IL1615140
PEORIA;GW;A;C;CHICAGO HEIGHTS;IL1430200
EDGAR;GW;A;C;CHICAGO RIDGE;IL0450100
FRANKLIN;SWP;A;C;CHIGAKWA PARK ESTATES;IL0550150
COOK;SWP;A;C;CHILLICOTHE;IL0310510
PIATT;GW;A;C;CHRISMAN;IL1470150
WAYNE;GW;A;C;CHRISTOPHER;IL1910050
IROQUOIS;GW;A;C;CICERO;IL0750200
RICHLAND;GW;A;C;CISCO;IL1590100
DU PAGE;SWP;A;C;CISNE;IL0430250
CLARK;GW;A;C;CISSNA PARK;IL0230010
WINNEBAGO;GW;A;C;CLAREMONT;IL2015425
CLAY;GWP;A;C;CLARENDON HILLS;IL0250050
CLAY;SWP;A;C;CLARK-EDGAR RWD;IL0250020
ADAMS;GWP;A;C;CLARKS MHP;IL0010100
ADAMS;GW;A;C;CLAY CITY;IL0015200
COLES;GW;A;C;CLAY COUNTY WATER INC;IL0295100
IROQUOIS;GW;A;C;CLAYTON;IL0750250
DE WITT;GW;A;C;CLAYTON-CAMP POINT WATER COMMISSION;IL0390050
CLINTON;SWP;A;C;CLEAR WATER SERVICE CORP;IL0275150
ROCK ISLAND;SWP;A;C;CLIFTON;IL1610160
GRUNDY;GW;A;C;CLINTON;IL0630200
ROCK ISLAND;GW;A;C;CLINTON COUNTY EAST PWD;IL1614260
WILLIAMSON;SWP;A;C;CLOVER LEAF VILLAGE MHP;IL1995250
MONTGOMERY;GWP;A;C;COAL CITY;IL1350100
UNION;GW;A;C;COAL VALLEY;IL1810150
MONTGOMERY;SWP;A;C;COAL VALLEY PWD;IL1350150
MCDONOUGH;SWP;A;C;COALTON;IL1090200
MCLEAN;GW;A;C;COBDEN;IL1130350
WILL;GW;A;C;COFFEEN;IL1975400
MADISON;GW;A;C;COLCHESTER;IL1194280
HENRY;GW;A;C;COLFAX;IL0730400
HENRY;GW;A;C;COLLEGE VIEW SUBDIVISION;IL0730550
MCLEAN;GW;A;C;COLLINSVILLE;IL1135100
WILLIAMSON;SWP;A;C;COLONA EAST;IL1990200
MONROE;SWP;A;C;COLONA WEST;IL1330050
ST CLAIR;SWP;A;C;COLONIAL MEADOWS WATER COMPANY;IL1635030
LEE;GW;A;C;COLP;IL1030150
MORGAN;GUP;A;C;COLUMBIA;IL1370100
ST CLAIR;SWP;A;C;COMMONFIELDS OF CAHOKIA PWD;IL1630070
WOODFORD;GW;A;C;COMPTON;IL2030100
COLES;GW;A;C;CONCORD;IL0295200
MCLEAN;GW;A;C;CONCORDIA WATER COOPERATIVE;IL1130400
ROCK ISLAND;GW;A;C;CONGERVILLE;IL1610150
WILLIAMSON;SWP;A;C;COOKS MILLS WATER ASSOCIATION;IL1995120
LIVINGSTON;GW;A;C;COOKSVILLE;IL1050150
DE KALB;GW;A;C;CORDOVA;IL0370051
DE KALB;GW;A;C;CORINTH PWD;IL0375125
RANDOLPH;SW;A;C;CORNELL;IL1570150
LA SALLE;GW;A;C;CORTLAND;IL0995365
WHITESIDE;GW;A;C;CORTLAND CORNERS MHP;IL1955135
HENRY;GW;A;C;COULTERVILLE;IL0735700
COOK;SWP;A;C;COUNTRY ACRES MHP (LA SALLE COUNTY);IL0310540
HENRY;GW;A;C;COUNTRY ACRES MHP (WHITESIDE COUNTY);IL0735050
MADISON;SWP;A;C;COUNTRY CLUB ESTATES SUBDIVISION;IL1190030
MCLEAN;GW;A;C;COUNTRY CLUB HILLS;IL1135385
CHAMPAIGN;GW;A;C;COUNTRY ESTATES SUBDIVISION;IL0195865
OGLE;GW;A;C;COUNTRY HILLS WTR, INC.;IL1415220
CHAMPAIGN;GW;A;C;COUNTRY LANE MHP;IL0195625
COOK;SWP;A;C;COUNTRY TYME ESTATES;IL0310570
LA SALLE;GW;A;C;COUNTRY VIEW ESTATES SUBDIVISION;IL0995185
LAKE;GW;A;C;COUNTRY VIEW ESTS MHP;IL0975200
KANKAKEE;GW;A;C;COUNTRYSIDE;IL0915265
SHELBY;GW;A;C;COUNTRYSIDE ESTATES MHP;IL1730050
ROCK ISLAND;GW;A;C;COUNTRYSIDE LAKE SUBDIVISION -LAKE CO PW;IL1615150
JACKSON;SWP;A;C;COUNTRYSIDE MOBILE HOME ESTATES MHP;IL0775160
WILLIAMSON;SWP;A;C;COWDEN;IL1997037
WILLIAMSON;SWP;A;C;COYNE CENTER COOP;IL1990250
WILLIAMSON;SWP;A;C;CRAB ORCHARD LAKE MHC;IL1990300
IROQUOIS;GW;A;C;CRAB ORCHARD REFUGE;IL0750300
WILL;GW;A;C;CRAINVILLE;IL1970250
OGLE;GW;A;C;CREAL SPRINGS;IL1410150
COOK;SWP;A;C;CRESCENT CITY;IL0310600
WILL;GW;A;C;CREST HILL;IL1970300
TAZEWELL;GW;A;C;CRESTON;IL1790100
WILL;GW;A;C;CRESTWOOD;IL1975105
ROCK ISLAND;GW;A;C;CRETE;IL1615250
MCLEAN;GW;A;C;CREVE COEUR;IL1135150
WHITE;GWP;A;C;CRISWELL COURT MHP;IL1930150
MCHENRY;GW;A;C;CROPPERS 1ST 4TH AND 5TH ADDITION;IL1110150
WILL;GW;A;C;CROPSEY MUTUAL WATER ASSOCIATION;IL1975480
FULTON;SWP;A;C;CROSSVILLE;IL0570300
LIVINGSTON;GW;A;C;CRYSTAL LAKE;IL1050200
SANGAMON;GW;A;C;CRYSTAL LAWNS ADDITION IMPROVEMENT ASSOC;IL1675350
PERRY;GW;A;C;CUBA;IL1450050
HAMILTON;SWP;A;C;CULLOM;IL0650150
STEPHENSON;GW;A;C;CURRAN-GARDNER TOWNSHIP PWD;IL1770100
HANCOCK;GWP;A;C;CUTLER;IL0674300
HENDERSON;GW;A;C;DAHLGREN;IL0710010
MOULTRIE;GWP;A;C;DAKOTA;IL1390150
BUREAU;GW;A;C;DALLAS CITY;IL0110250
CLINTON;SWP;A;C;DALLAS RURAL WATER DISTRICT;IL0275200
IROQUOIS;GW;A;C;DALTON CITY;IL0750350
MCLEAN;GW;A;C;DALZELL;IL1130450
DU PAGE;SWP;A;C;DAMIANSVILLE;IL0430270
LA SALLE;GW;A;C;DANFORTH;IL0995225
STEPHENSON;GW;A;C;DANVERS;IL1770150
OGLE;GW;A;C;DARIEN;IL1410030
SANGAMON;GW;A;C;DATTIS MHP;IL1670400
LAKE;GW;A;C;DAVIS;IL0977189
DE KALB;GW;A;C;DAVIS JUNCTION;IL0370100
PIATT;GW;A;C;DAWSON;IL1470200
BUREAU;GW;A;C;DAYSPRING BIBLE COLLEGE;IL0110300
JACKSON;SWP;A;C;DE KALB;IL0770200
DE WITT;GW;A;C;DE LAND;IL0390100
MACON;SW;A;C;DE PUE;IL1150150
TAZEWELL;GW;A;C;DE SOTO;IL1794320
LAKE;SWP;A;C;DE WITT;IL0974340
SANGAMON;SWP;A;C;DECATUR;IL1670240
TAZEWELL;GW;A;C;DEER CREEK;IL1790150
PEORIA;GWP;A;C;DEERFIELD;IL1430070
COOK;SWP;A;C;DEERWOOD ESTATES;IL0310630
COOK;GW;A;C;DELAVAN;IL0317775
WILLIAMSON;SWP;A;C;DELUXE LAKE ESTATES MHP;IL1995160
CHAMPAIGN;GW;A;C;DES PLAINES;IL0195200
SCHUYLER;GWP;A;C;DES PLAINES MHP;IL1690020
GRUNDY;GW;A;C;DEVILS KITCHEN WATER DISTRICT;IL0630250
LAKE;GW;A;C;DEWEY PWD;IL0975185
EFFINGHAM;SWP;A;C;DHS RUSHVILLE TREATMENT AND DETENTION;IL0490150
SANGAMON;SWP;A;C;DIAMOND;IL1670450
JEFFERSON;SWP;A;C;DIAMOND LAKE MHP;IL0815100
WILL;GW;A;C;DIETERICH;IL1975520
COOK;SWP;A;C;DIVERNON;IL0310660
LEE;GW;A;C;DIX-KELL WATER COMMSSION;IL1030200
LEE;GW;A;C;DIXIE ESTATES SUBDIVISION;IL1035500
COOK;SWP;A;C;DIXMOOR;IL0310690
UNION;GWP;A;C;DIXON;IL1810200
BOND;SWP;A;C;DIXON CORRECTIONAL CENTER;IL0054360
DE KALB;GW;A;C;DOLTON;IL0375150
IROQUOIS;GW;A;C;DONGOLA;IL0750400
MACOUPIN;SWP;A;C;DONNELLSON;IL1170250
BUREAU;GW;A;C;DONNY BROOK ESTATES SUBDIVISION;IL0110350
JACKSON;SWP;A;C;DONOVAN;IL0770250
DU PAGE;SWP;A;C;DORCHESTER;IL0430300
MCLEAN;GW;A;C;DOVER;IL1130500
DU PAGE;SWP;A;C;DOWELL;IL0435400
WASHINGTON;SWP;A;C;DOWNERS GROVE;IL1890150
LAKE;GW;A;C;DOWNS;IL0975380
FULTON;SWP;A;C;DU PAGE WATER COMMISSION;IL0575150
PEORIA;SWP;A;C;DUBOIS;IL1430250
ST CLAIR;GW;A;C;DUCK LAKE WELL OWNERS ASSOCIATION;IL1630350
PERRY;SWP;A;C;DUNFERMLINE-ST DAVID WATER COMMISSION;IL1450100
WINNEBAGO;GW;A;C;DUNLAP;IL2010100
LIVINGSTON;GW;A;C;DUPO;IL1050250
SANGAMON;GWP;A;C;DUQUOIN;IL1670230
JASPER;SW;A;C;DURAND;IL0790010
MACOUPIN;SWP;A;C;DWIGHT;IL1170300
LA SALLE;GW;A;C;E J WATER - SANGCHRIS SERVICE AREA;IL0990150
MADISON;GW;A;C;E J WATER COOP;IL1190200
JO DAVIESS;GW;A;C;EAGARVILLE;IL0850100
KANE;GW;A;C;EARLVILLE;IL0890250
ROCK ISLAND;GW;A;C;EAST ALTON;IL1610140
KNOX;GWP;A;C;EAST DUBUQUE;IL0950150
COOK;SWP;A;C;EAST DUNDEE;IL0310750
ROCK ISLAND;GW;A;C;EAST END WATER ASSOCIATION;IL1615100
VERMILION;GW;A;C;EAST GALESBURG;IL1835200
ROCK ISLAND;SW;A;C;EAST HAZEL CREST;IL1610250
WILL;GW;A;C;EAST LAWN WATER ASSOCIATION;IL1975600
TAZEWELL;GW;A;C;EAST LYNN COMMUNITY WATER SYSTEM;IL1790200
CHAMPAIGN;GW;A;C;EAST MOLINE;IL0195825
COLES;SWP;A;C;EAST MORELAND WTR SERVICE ASSN;IL0295500
MASON;GW;A;C;EAST PEORIA;IL1250100
EFFINGHAM;SWP;A;C;EAST SIDE MHP;IL0495400
CRAWFORD;GWP;A;C;EASTERN ILLINOIS UNIVERSITY;IL0335100
ROCK ISLAND;GW;A;C;EASTON;IL1615330
PEORIA;GW;A;C;EASY BREEZE MANUFACTURED HOME PARK;IL1435150
EFFINGHAM;SWP;A;C;EATON PWD;IL0490200
SANGAMON;SWP;A;C;EBERTS 3RD ADDITION;IL1670140
ROCK ISLAND;GW;A;C;EDELSTEIN WATER COOP;IL1615550
CHRISTIAN;GW;A;C;EDGEWOOD;IL0210150
COOK;SWP;A;C;EDGEWOOD MOBILE HOME COURT (MHC);IL0315617
MADISON;GW;A;C;EDGINGTON WATER DISTRICT;IL1190250
EFFINGHAM;SW;A;C;EDINBURG;IL0490250
DOUGLAS;GWP;A;C;EDWARD HINES JR V A HOSPITAL;IL0415150
RANDOLPH;SWP;A;C;EDWARDSVILLE;IL1570010
CHAMPAIGN;GW;A;C;EFFINGHAM;IL0195645
WOODFORD;GW;A;C;EGYPTIAN TRAIL WATER CORP;IL2030150
KANE;GW;A;C;EGYPTIAN WATER COMPANY;IL0890300
SALINE;GWP;A;C;EHLERS MHP;IL1655030
GREENE;GW;A;C;EL PASO;IL0610100
KANE;SW;A;C;ELBURN;IL0894380
JO DAVIESS;GW;A;C;ELDORADO;IL0850150
HARDIN;GWP;A;C;ELDRED;IL0690100
COOK;SWP;A;C;ELGIN;IL0314400
LOGAN;GW;A;C;ELIZABETH;IL1070150
JACKSON;SWP;A;C;ELIZABETHTOWN;IL0770300
EDWARDS;GWP;A;C;ELK GROVE VILLAGE;IL0470010
FORD;GW;A;C;ELKHART;IL0530050
RANDOLPH;SWP;A;C;ELKVILLE;IL1570200
MCLEAN;GW;A;C;ELLERY WATER CORP;IL1130550
LAKE;GW;A;C;ELLIOTT;IL0975736
DU PAGE;SWP;A;C;ELLIS GROVE;IL0430350
PEORIA;GW;A;C;ELLSWORTH;IL1430300
COOK;SWP;A;C;ELM OAK MUTUAL WATER SYSTEM;IL0310780
HANCOCK;SWP;A;C;ELMHURST;IL0670010
JACKSON;SWP;A;C;ELMWOOD;IL0770010
WILL;GW;A;C;ELMWOOD PARK;IL1970350
COLES;GWP;A;C;ELVASTON;IL0290020
LOGAN;GW;A;C;ELVERADO WATER DISTRICT;IL1070200
LIVINGSTON;GW;A;C;ELWOOD;IL1050300
MADISON;SWP;A;C;EMBARRAS AREA WATER DISTRICT;IL1195160
WILLIAMSON;SWP;A;C;EMDEN;IL1990350
WHITE;SWP;A;C;EMINGTON;IL1930200
GALLATIN;GWP;A;C;ENCHANTED VILLAGE;IL0590050
WHITESIDE;GW;A;C;ENERGY;IL1950200
PEORIA;GW;A;C;ENFIELD;IL1435245
WOODFORD;GW;A;C;EQUALITY;IL2030200
COOK;SW;A;C;ERIE;IL0310810
RANDOLPH;SW;A;C;ESQUIRE ESTATES MHP;IL1570250
COOK;SWP;A;C;EUREKA;IL0310840
ROCK ISLAND;GW;A;C;EVANSTON;IL1615310
FRANKLIN;SWP;A;C;EVANSVILLE;IL0555350
SCOTT;GWP;A;C;EVERGREEN PARK;IL1710010
ADAMS;GW;A;C;EVERGREEN VILLAGE SUBDIVISION;IL0015545
LIVINGSTON;GW;A;C;EWING-INA WATER COMMISSION;IL1050350
WAYNE;SW;A;C;EXETER-MERRITT WATER COOP;IL1910100
VERMILION;GW;A;C;EXPRESSWAY MHP;IL1830250
FULTON;SWP;A;C;FAIRBURY;IL0570450
ROCK ISLAND;GW;A;C;FAIRFIELD;IL1617635
WINNEBAGO;GW;A;C;FAIRMOUNT;IL2015125
FAYETTE;SWP;A;C;FAIRVIEW;IL0510150
DE WITT;GW;A;C;FALCON FARMS;IL0390150
MONTGOMERY;GW;A;C;FAMILY MANUFACTURED HOME COMMUNITY, LLC;IL1350200
PEORIA;GW;A;C;FARINA;IL1435170
FAYETTE;SWP;A;C;FARMER CITY;IL0510010
ST CLAIR;SWP;A;C;FARMERSVILLE;IL1630550
WILLIAMSON;SWP;A;C;FAWN HILLS SUBDIVISION;IL1995050
JERSEY;GWP;A;C;FAYETTE WATER COMPANY;IL0830150
LA SALLE;GWP;A;C;FAYETTEVILLE;IL0995150
LAKE;GW;A;C;FERGES WATER DISTRICT;IL0971050
MONTGOMERY;GW;A;C;FIELDON;IL1350250
SHELBY;SWP;A;C;FIELDS HILL IMPROVEMENT ASSOCIATION;IL1730100
VERMILION;GW;A;C;FIELDS OF LONG GROVE;IL1830300
LIVINGSTON;GW;A;C;FILLMORE;IL1050400
CRAWFORD;GWP;A;C;FINDLAY;IL0330050
CLAY;SWP;A;C;FITHIAN;IL0250100
COOK;SWP;A;C;FLANAGAN;IL0310870
MARION;SWP;A;C;FLAT ROCK;IL1210020
COOK;SWP;A;C;FLORA;IL0310720
MASON;GW;A;C;FLOSSMOOR;IL1250010
LAKE;GWP;A;C;FMC WATER COMPANY;IL0975500
COOK;SWP;A;C;FORD HEIGHTS;IL0310900
COOK;SWP;A;C;FOREST CITY;IL0310930
WINNEBAGO;GWP;A;C;FOREST LAKE ADDITION - LAKE CO PW;IL2010030
LIVINGSTON;GW;A;C;FOREST PARK;IL1050450
OGLE;GW;A;C;FOREST VIEW;IL1410200
MACON;GW;A;C;FOREST VIEW MHP;IL1150200
MASSAC;GWP;A;C;FORREST;IL1275050
MADISON;SWP;A;C;FORRESTON;IL1195220
CHAMPAIGN;GW;A;C;FORSYTH;IL0195945
MONROE;GW;A;C;FORT MASSAC PWD;IL1330020
PEORIA;GWP;A;C;FOSTERBURG PWD;IL1430060
LA SALLE;GW;A;C;FOUNTAIN VALLEY MHP;IL0990060
PEORIA;GW;A;C;FOUNTAIN WATER DISTRICT;IL1435750
LAKE;GW;A;C;FOUR SEASONS MHP;IL0970200
LAKE;GW;A;C;FOUR STAR CAMPGROUND;IL0975550
LAKE;GW;A;C;FOX CREEK FARMS WATER COMPANY;IL0975780
KENDALL;GW;A;C;FOX LAKE;IL0935150
MCHENRY;GW;A;C;FOX LAKE HILLS SUBDIVISION - LAKE CO PW;IL1110200
COOK;GWP;A;C;FOX LAKE PLANT 2;IL0310110
WILL;GW;A;C;FOX LAWN HOMEOWNERS WATER ASSOCIATION;IL1970400
MORGAN;SWP;A;C;FOX RIVER GROVE;IL1370150
LEE;GW;A;C;FRANCISCAN SISTERS OF CHICGO;IL1030250
COOK;SWP;A;C;FRANKFORT;IL0310960
ST CLAIR;SWP;A;C;FRANKLIN;IL1630600
WILLIAMSON;SWP;A;C;FRANKLIN GROVE;IL1994420
STEPHENSON;GW;A;C;FRANKLIN PARK;IL1770200
JO DAVIESS;GW;A;C;FREEBURG;IL0850010
KANE;GW;A;C;FREEMAN SPUR;IL0895030
ST CLAIR;SWP;A;C;FREEPORT;IL1635300
WHITESIDE;GW;A;C;FRENTRESS LAKE;IL1950250
MERCER;GW;A;C;FRWRD-SKYLINE PLANT;IL1315050
SALINE;SWP;A;C;FSH WATER COMMISSION;IL1650150
JO DAVIESS;GW;A;C;FULTON;IL0850200
VERMILION;SW;A;C;FYRE LAKE WATER COMPANY;IL1830600
KNOX;GW;A;C;GALATIA;IL0950200
GALLATIN;GWP;A;C;GALENA;IL0595100
HENRY;GW;A;C;GALENA TERRITORY -OAKWOOD;IL0730450
COOK;SWP;A;C;GALESBURG;IL0315620
WILL;GW;A;C;GALLATIN-WHITE WATER DISTRICT;IL1975376
GRUNDY;GW;A;C;GALVA;IL0630400
DOUGLAS;GWP;A;C;GARDEN HOME SD;IL0410010
SANGAMON;SWP;A;C;GARDEN STREET IMPROVEMENT ASSOCIATION;IL1670220
WILL;GW;A;C;GARDNER;IL1970020
CLINTON;SW;A;C;GARRETT;IL0270040
HENRY;GW;A;C;GASLITE COURT MHC;IL0730500
HENRY;GW;A;C;GATEWAY MHP;IL0735600
KANE;GW;A;C;GATEWAY REGIONAL WATER COMPANY;IL0890350
DE KALB;GW;A;C;GENESEO;IL0370150
VERMILION;GW;A;C;GENESEO HILLS SUBDIVISION;IL1830350
STEPHENSON;GW;A;C;GENEVA;IL1770250
CLINTON;SWP;A;C;GENOA;IL0270350
FORD;GW;A;C;GEORGETOWN;IL0530100
CHAMPAIGN;GW;A;C;GERMAN VALLEY;IL0190250
KANE;GW;A;C;GERMANTOWN;IL0890400
MACOUPIN;SW;A;C;GIBSON CITY;IL1170400
IROQUOIS;GW;A;C;GIFFORD;IL0750450
MACOUPIN;SWP;A;C;GILBERTS;IL1170450
HENDERSON;GW;A;C;GILLESPIE;IL0710020
PEORIA;GW;A;C;GILMAN;IL1430350
MADISON;GWP;A;C;GIRARD;IL1190300
COOK;SWP;A;C;GLADSTONE;IL0315650
DU PAGE;SWP;A;C;GLASFORD;IL0430450
DU PAGE;SWP;A;C;GLEN CARBON;IL0435500
COOK;SWP;A;C;GLEN EDEN ESTATES HOMEOWNERS ASSOCIATION;IL0315310
COOK;SW;A;C;GLEN ELLYN;IL0310990
DU PAGE;SWP;A;C;GLEN ELLYN HEIGHTS SUBDIVISION;IL0430400
LAKE;GW;A;C;GLENBROOK SD;IL0970160
COOK;SWP;A;C;GLENCOE;IL0311020
COOK;SWP;A;C;GLENDALE HEIGHTS;IL0311050
WILL;GW;A;C;GLENSTONE SBDV HOA;IL1970130
POPE;GWP;A;C;GLENVIEW;IL1510100
ADAMS;GWP;A;C;GLENWOOD;IL0010250
COOK;SWP;A;C;GODLEY PUBLIC WATER DISTRICT;IL0311080
MCDONOUGH;GW;A;C;GOLCONDA;IL1090250
WOODFORD;GW;A;C;GOLDEN;IL2034450
JOHNSON;SWP;A;C;GOLF;IL0870200
JACKSON;SWP;A;C;GOOD HOPE;IL0770350
LA SALLE;GW;A;C;GOODFIELD;IL0990200
JACKSON;GW;A;C;GOREVILLE;IL0770400
COOK;GW;A;C;GORHAM;IL0312540
SANGAMON;SWP;A;C;GRAND RIDGE;IL1670500
TAZEWELL;GW;A;C;GRAND TOWER;IL1795365
LAKE;SWP;A;C;GRANDBRIER OF PROSPECT HEIGHTS;IL0975600
MADISON;SWP;A;C;GRANDVIEW;IL1190350
PUTNAM;GW;A;C;GRANDVIEW MHP;IL1550050
LAKE;SWP;A;C;GRANDWOOD PARK SUBDIVISION - LAKE CO PW;IL0970250
WHITE;GW;A;C;GRANTFORK;IL1934460
LAKE;SW;A;C;GRANVILLE;IL0975227
WINNEBAGO;GW;A;C;GRAYSLAKE;IL2015488
LEE;GW;A;C;GRAYVILLE;IL1035165
WINNEBAGO;GW;A;C;GREAT LAKES NAVAL TRAINING STATION;IL2015495
LAKE;SWP;A;C;GREAT OAKS AND BEACON HILLS APARTMENTS;IL0970040
TAZEWELL;GW;A;C;GREEN ACRES MHP;IL1790250
GREENE;GWP;A;C;GREEN MEADOW ESTATES OF ROCKFORD LLC;IL0610020
GREENE;SW;A;C;GREEN OAKS;IL0610150
CUMBERLAND;GW;A;C;GREEN VALLEY;IL0350050
MENARD;GW;A;C;GREENE COUNTY RWD;IL1290100
BOONE;GWP;A;C;GREENFIELD;IL0070060
BOND;SW;A;C;GREENUP;IL0050050
FRANKLIN;SWP;A;C;GREENVIEW;IL0555200
MCLEAN;GW;A;C;GREENVIEW ESTATES MHP;IL1130600
PIKE;GW;A;C;GREENVILLE;IL1490300
TAZEWELL;GW;A;C;GREENWOOD-CREEK NATION WATER COMPANY;IL1795200
LAKE;SWP;A;C;GRIDLEY;IL0970350
LAKE;GW;A;C;GRIGGSVILLE;IL0970400
MADISON;SWP;A;C;GROVELAND TOWNSHIP WATER DISTRICT;IL1190450
HANCOCK;SW;A;C;GURNEE;IL0670400
HAMILTON;SWP;A;C;HAINESVILLE;IL0651000
PIATT;GW;A;C;HAMEL;IL1470250
KANE;SW;A;C;HAMILTON;IN5245020
KANE;GW;A;C;HAMILTON COUNTY WATER DISTRICT;IL0890450
ROCK ISLAND;SWP;A;C;HAMMOND;IL1610300
FRANKLIN;SWP;A;C;HAMMOND INDIANA;IL0550250
PEORIA;GWP;A;C;HAMPSHIRE;IL1430400
JO DAVIESS;GW;A;C;HAMPTON;IL0850250
COOK;SWP;A;C;HANAFORD;IL0314480
MCHENRY;GW;A;C;HANNA CITY;IL1110011
CALHOUN;GW;A;C;HANOVER;IL0130200
HARDIN;GWP;A;C;HANOVER PARK;IL0695000
CRAWFORD;GW;A;C;HARBOR LITES-PISTAKEE FSHG CL;IL0330020
LEE;GW;A;C;HARDIN;IL1030300
SALINE;GWP;A;C;HARDIN COUNTY WATER DISTRICT NO.1;IL1650200
MACON;GW;A;C;HARDINVILLE WATER COMPANY;IL1150210
MADISON;GW;A;C;HARMON;IL1190500
LOGAN;GW;A;C;HARRISBURG;IL1070250
MCHENRY;GW;A;C;HARRISTOWN;IL1110250
TAZEWELL;GW;A;C;HARTFORD;IL1795450
MONTGOMERY;GW;A;C;HARTSBURG;IL1354500
KANKAKEE;GW;A;C;HARVARD;IL0915165
COOK;SWP;A;C;HARVARD HILLS WATER CORPORATION;IL0311110
COOK;SWP;A;C;HARVEL;IL0311140
MASON;GW;A;C;HARVEST ESTATES (FORMERLY BILLS MHP);IL1250200
GRUNDY;GW;A;C;HARVEY;IL0630030
COOK;SWP;A;C;HARWOOD HEIGHTS;IL0311170
HENRY;GW;A;C;HAVANA;IL0735350
HENRY;GW;A;C;HAWTHORN ESTATES SUBDIVISION;IL0735220
HENRY;GW;A;C;HAZEL CREST;IL0735250
EFFINGHAM;SWP;A;C;HAZELWOOD 4TH ADDITION;IL0495200
GRUNDY;GW;A;C;HAZELWOOD HEIGHTS SUBDIVISION;IL0635150
MCHENRY;GW;A;C;HAZELWOOD WEST SUBDIVISION;IL1110300
MONROE;SWP;A;C;HEARTVILLE PWD;IL1330150
LAKE;GW;A;C;HEATHERFIELD SUBDIVISION;IL0975238
KNOX;GW;A;C;HEBRON;IL0950250
MONTGOMERY;SWP;A;C;HECKER;IL1350010
PUTNAM;GW;A;C;HEIDEN GARDENS CONDOS;IL1555100
MARSHALL;GW;A;C;HENDERSON;IL1230050
CHAMPAIGN;GWP;A;C;HENDERSON PWD;IL0190080
SHELBY;GW;A;C;HENNEPIN PWD;IL1730150
WILLIAMSON;SWP;A;C;HENRY;IL1990400
KANKAKEE;GW;A;C;HERITAGE OF RANTOUL;IL0910450
MACOUPIN;SWP;A;C;HERRICK;IL1170500
MCLEAN;GW;A;C;HERRIN;IL1130650
TAZEWELL;GW;A;C;HERSCHER;IL1795495
COOK;SWP;A;C;HETTICK;IL0311200
ROCK ISLAND;GW;A;C;HEYWORTH;IL1615450
HENRY;GW;A;C;HIATTS HIDEAWAY MHP;IL0730080
SCHUYLER;GWP;A;C;HICKORY HILLS;IL1695200
ROCK ISLAND;GW;A;C;HICKORY HILLS 2ND ADDITION;IL1610130
ROCK ISLAND;GWP;A;C;HICKORY HILLS 2ND ADDITION WATER ASSN;IL1610410
MADISON;SW;A;C;HICKORY-KERTON WTR COOP;IL1190550
LAKE;SW;A;C;HIDDEN MEADOWS;IL0970500
KANE;GW;A;C;HIGH CLIFF ESTATES;IL0895530
WILLIAMSON;SWP;A;C;HIGHLAND;IL1995100
LAKE;SW;A;C;HIGHLAND PARK;IL0970550
FRANKLIN;SWP;A;C;HIGHLAND SUBDIVISION;IL0555250
OGLE;GW;A;C;HIGHWAY 37 NORTH PWD;IL1410250
ROCK ISLAND;GW;A;C;HIGHWOOD;IL1615490
ROCK ISLAND;GW;A;C;HILL CITY WATER DISTRICT;IL1615510
HENRY;GW;A;C;HILLCREST;IL0735329
LAKE;GW;A;C;HILLCREST COURT 2ND ADDITION;IL0975700
MONTGOMERY;SW;A;C;HILLCREST COURT SUBDIVISION;IL1350300
ROCK ISLAND;GW;A;C;HILLCREST HOME;IL1615728
COOK;SWP;A;C;HILLDALE MANOR SUBDIVISION;IL0311230
COOK;SWP;A;C;HILLSBORO;IL0315770
MCLEAN;SWP;A;C;HILLSDALE PROPERTIES;IL1130080
GREENE;GW;A;C;HILLSIDE;IL0610200
WILL;GW;A;C;HILLSIDE BERKELEY WATER COMMISSION;IL1975800
DE KALB;GW;A;C;HILLTOP MHP;IL0370200
DOUGLAS;GWP;A;C;HILLVIEW;IL0410200
DU PAGE;SWP;A;C;HILLVIEW SUBDIVISION;IL0434520
DU PAGE;SWP;A;C;HINCKLEY;IL0430040
COOK;SWP;A;C;HINDSBORO;IL0311260
CLINTON;SWP;A;C;HINSDALE;IL0270400
COOK;SWP;A;C;HOBSON VALLEY WATER SYSTEM;IL0311290
CLINTON;SWP;A;C;HODGKINS;IL0275230
MADISON;SW;A;C;HOFFMAN;IL1195110
TAZEWELL;GW;A;C;HOFFMAN ESTATES;IL1795300
BUREAU;GWP;A;C;HOFFMAN RURAL WATER COMPANY;IL0110010
LAKE;GW;A;C;HOLIDAY SHORES SD;IL0975245
CHAMPAIGN;GW;A;C;HOLLANDS GROVE COURT SUBDIVISION;IL0190300
COOK;SWP;A;C;HOLLOWAYVILLE;IL0311320
COOK;SWP;A;C;HOLLY HOCK HILL MHP;IL0311350
WHITESIDE;GW;A;C;HOMER;IL1955225
VERMILION;GW;A;C;HOMETOWN;IL1830450
TAZEWELL;GW;A;C;HOMEWOOD;IL1790300
MARSHALL;GW;A;C;HONEYCUTT HILL MHP LLC;IL1235150
KANKAKEE;GW;A;C;HOOPESTON;IL0910040
WASHINGTON;SWP;A;C;HOPEDALE;IL1890200
WASHINGTON;SWP;A;C;HOPEWELL;IL1895400
WASHINGTON;SWP;A;C;HOPKINS PARK;IL1895500
MCLEAN;SWP;A;C;HOYLETON;IL1130700
PIKE;GW;A;C;HOYLETON RWC;IL1490350
COLES;SWP;A;C;HOYLETON-NEW MINDEN;IL0290150
EDGAR;GW;A;C;HUDSON;IL0450150
MCHENRY;GW;A;C;HULL;IL1110350
WILLIAMSON;SWP;A;C;HUMBOLDT;IL1990450
CRAWFORD;GWP;A;C;HUME;IL0330100
COOK;SWP;A;C;HUNTLEY;IL1970030
MADISON;SW;A;C;HURST;IL1195150
WILL;GW;A;C;HUTSONVILLE;IL1975040
DU PAGE;SWP;A;C;IL AMERICAN-ALPINE HEIGHTS;IL0435150
ALEXANDER;SW;A;C;IL AMERICAN-ALTON;IL0035030
WILL;GW;A;C;IL AMERICAN-ARBURY;IL1975210
CHAMPAIGN;GW;A;C;IL AMERICAN-ARROWHEAD;IL0195300
COOK;SWP;A;C;IL AMERICAN-CAIRO;IL0315150
DU PAGE;SWP;A;C;IL AMERICAN-CENTRAL STATES DST;IL0435350
DU PAGE;SWP;A;C;IL AMERICAN-CHAMPAIGN;IL0430552
ST CLAIR;SW;A;C;IL AMERICAN-CHICAGO SUBURBAN;IL1635040
FULTON;GW;A;C;IL AMERICAN-COUNTRY CLUB;IL0570500
COOK;SWP;A;C;IL AMERICAN-DUPAGE UTILITY;IL0315030
CHAMPAIGN;GW;A;C;IL AMERICAN-EAST ST LOUIS;IL0190150
MADISON;SW;A;C;IL AMERICAN-FARMINGTON;IL1195030
HARDIN;GWP;A;C;IL AMERICAN-FERNWAY;IL0690020
KENDALL;GW;A;C;IL AMERICAN-FISHER;IL0935200
WILL;SWP;A;C;IL AMERICAN-GRANITE CITY;IL1970100
COOK;SWP;A;C;IL AMERICAN-HARDIN COUNTY;IL0310290
DU PAGE;SWP;A;C;IL AMERICAN-HOLLIS;IL0437500
DU PAGE;SWP;A;C;IL AMERICAN-HOMER TOWNSHIP;IL0435650
LOGAN;GW;A;C;IL AMERICAN-LAKE WATER COMPANY;IL1075030
DU PAGE;SWP;A;C;IL AMERICAN-LIBERTY RIDGE EAST;IL0435700
COOK;GW;A;C;IL AMERICAN-LIBERTY RIDGE WEST;IL0317050
COOK;SWP;A;C;IL AMERICAN-LINCOLN;IL0315910
GRUNDY;GW;A;C;IL AMERICAN-LOMBARD HEIGHTS;IL0630040
TAZEWELL;GW;A;C;IL AMERICAN-MIDWEST PALOS;IL1795040
PEORIA;SW;A;C;IL AMERICAN-MORELAND;IL1435030
LIVINGSTON;SW;A;C;IL AMERICAN-NETTLE CREEK;IL1055030
GRUNDY;GW;A;C;IL AMERICAN-PEKIN;IL0635100
KANE;GWP;A;C;IL AMERICAN-PEORIA;IL0895600
KANE;GW;A;C;IL AMERICAN-PONTIAC;IL0895150
LIVINGSTON;GW;A;C;IL AMERICAN-RIDGECREST;IL1050650
WINNEBAGO;GWP;A;C;IL AMERICAN-RIVER GRANGE;IL2010450
WHITESIDE;GW;A;C;IL AMERICAN-ROLLINS;IL1955040
LA SALLE;SW;A;C;IL AMERICAN-SAUNEMIN;IL0995030
MCHENRY;GW;A;C;IL AMERICAN-SOUTH BELOIT;IL1110080
KENDALL;GW;A;C;IL AMERICAN-STERLING;IL0935100
DU PAGE;SWP;A;C;IL AMERICAN-STREATOR;IL0437350
TAZEWELL;GW;A;C;IL AMERICAN-TERRA COTTA;IL1797050
COOK;SWP;A;C;IL AMERICAN-VALLEY MARINA;IL0317550
WILL;SWP;A;C;IL AMERICAN-VALLEY VIEW;IL1974151
LA SALLE;GW;A;C;IL AMERICAN-WASHINGTON ESTATES;IL0995300
ADAMS;SWP;A;C;IL AMERICAN-WAYCINDEN;IL0015500
KANE;GW;A;C;IL AMERICAN-WEST SUBURBAN;IL0895930
ROCK ISLAND;GWP;A;C;IL PRAIRIE ESTATE SBDV WATER ASSOCIATION;IL1610120
MCLEAN;GWP;A;C;IL VETERANS HOME (QUINCY);IL1135510
SANGAMON;GW;A;C;IL YOUTH CENTER ST CHARLES;IL1670550
CHAMPAIGN;GWP;A;C;ILCV CANDLE MHP, LLC;IL0195400
CHAMPAIGN;GWP;A;C;ILLINOIS STATE UNIVERSITY-NORMAL;IL0195380
CHAMPAIGN;GWP;A;C;ILLIOPOLIS;IL0195370
CHAMPAIGN;GWP;A;C;ILUR LIBERTY COMMONS MHP LLC;IL0195390
CHAMPAIGN;GWP;A;C;ILUR PORTFOLIO 5 - TRAILSIDE MHP LLC;IL0195350
CHAMPAIGN;GWP;A;C;ILUR PORTFOLIO 5 - WILSON MHP LLC;IL0195360
WILL;GWP;A;C;ILUR PORTFOLIO 5-SURBANA ESTATES MHP LLC;IL1975225
ROCK ISLAND;GW;A;C;ILUR PORTFOLIOS - CARRIAGE ESTATES LLC;IL1615520
MCLEAN;GW;A;C;ILUR WOODS EDGE MHP LLC;IL1135250
COOK;SWP;A;C;IMPERIAL MHC;IL0311410
MCDONOUGH;GWP;A;C;INDIAN BLUFFS SUBDIVISION;IL1090300
WILL;GW;A;C;INDIAN CREEK HOMEOWNERS AND WATER ASSN.;IL1975880
CLAY;GW;A;C;INDIAN HEAD PARK;IL0250010
FULTON;GWP;A;C;INDUSTRY;IL0570550
IROQUOIS;GW;A;C;INGALLS PARK SUBDIVISION;IL0755185
MONTGOMERY;GWP;A;C;IOLA;IL1350350
WASHINGTON;SWP;A;C;IPAVA;IL1890250
LAKE;GW;A;C;IROQUOIS MOBILE ESTATES, INC.;IL0974540
DU PAGE;SWP;A;C;IRVING;IL0430500
MARION;SWP;A;C;IRVINGTON;IL1210150
CHAMPAIGN;GW;A;C;ISLAND LAKE;IL0194560
MORGAN;SW;A;C;ITASCA;IL1370200
WAYNE;SWP;A;C;IUKA;IL1910020
WAYNE;GW;A;C;IVESDALE;IL1910200
CHRISTIAN;SWP;A;C;JACKSONVILLE;IL0210200
SANGAMON;SWP;A;C;JASPER WATERWORKS CORPORATION;IL1670600
JERSEY;SWP;A;C;JEFFERSONVILLE (GEFF);IL0835300
JERSEY;GW;A;C;JEISYVILLE;IL0830250
CUMBERLAND;GWP;A;C;JEROME;IL0350100
MCHENRY;GW;A;C;JERSEY RWC;IL1110040
MCHENRY;GW;A;C;JERSEYVILLE;IL1115080
WILLIAMSON;SWP;A;C;JEWETT;IL1990500
WILL;GW;A;C;JOHNSBURG 1;IL1970450
UNION;GWP;A;C;JOHNSBURG NO.2;IL1810250
LA SALLE;GWP;A;C;JOHNSTON CITY;IL0995170
LA SALLE;GW;A;C;JOLIET;IL0990020
MASSAC;GW;A;C;JONESBORO;IL1270100
MERCER;GW;A;C;JONESVILLE PWD;IL1310100
PEORIA;GW;A;C;JONS MHP;IL1435220
MARION;SWP;A;C;JOPPA;IL1210200
MACOUPIN;SWP;A;C;JOY;IL1170030
CALHOUN;GW;A;C;JUBILEE WATER COMPANY, INC.;IL0130250
GREENE;GW;A;C;JUNCTION CITY;IL0610250
EDGAR;GW;A;C;KAHO PUBLIC WATER DISTRICT;IL0450200
PULASKI;GWP;A;C;KAMPSVILLE;IL1530050
FAYETTE;GW;A;C;KANE;IL0510020
ST CLAIR;SW;A;C;KANSAS;IL1635110
WABASH;GW;A;C;KARNAK;IL1850150
MERCER;GW;A;C;KASKASKIA SPRINGS WATER CO.;IL1310150
FORD;GW;A;C;KASKASKIA WATER DISTRICT;IL0530150
COOK;SWP;A;C;KEENSBURG;IL0311500
DE WITT;GW;A;C;KEITHSBURG;IL0390200
HENRY;GW;A;C;KEMPTON;IL0730650
CLINTON;SWP;A;C;KENILWORTH;IL0274580
CHRISTIAN;SWP;A;C;KENNEY;IL0210250
PIKE;GW;A;C;KEWANEE;IL1490400
DE KALB;GW;A;C;KEYESPORT;IL0370250
PEORIA;GWP;A;C;KINCAID;IL1430450
JACKSON;SW;A;C;KINDERHOOK;IL0775100
MARION;SWP;A;C;KINGSTON;IL1210300
GRUNDY;GW;A;C;KINGSTON MINES;IL0630450
DE KALB;GW;A;C;KINKAID AREA WATER SYSTEM;IL0370300
WARREN;GW;A;C;KINMUNDY;IL1870050
OGLE;GW;A;C;KINSMAN;IL1415250
KNOX;GWP;A;C;KIRKLAND;IL0950300
COOK;SWP;A;C;KIRKWOOD;IL0311530
COOK;SWP;A;C;KNOLLS EDGE SUBDIVISION;IL0311540
COOK;SWP;A;C;KNOXVILLE;IL0315860
COOK;SWP;A;C;LA GRANGE;IL0311560
ADAMS;GWP;A;C;LA GRANGE ESTATES MHP;IL0010300
MARSHALL;GW;A;C;LA GRANGE HIGHLANDS SANITARY DISTRICT;IL1230150
LA SALLE;GW;A;C;LA GRANGE PARK;IL0990300
LA SALLE;GW;A;C;LA PRAIRIE;IL0995329
MARSHALL;GW;A;C;LA ROSE;IL1230100
BUREAU;GW;A;C;LA SALLE;IL0110450
STARK;GW;A;C;LA SALLE COUNTY NURSING HOME;IL1750100
HANCOCK;SW;A;C;LACON;IL0670450
LAKE;GW;A;C;LADD;IL0971080
LAKE;GW;A;C;LAFAYETTE;IL0975520
LAKE;SWP;A;C;LAHARPE;IL0970750
LAKE;SWP;A;C;LAKE BARRINGTON;IL0975050
LAKE;SW;A;C;LAKE BARRINGTON SHORES SUBDIVSION;IL0975790
LAKE;GWP;A;C;LAKE BLUFF;IL0970450
LAKE;SW;A;C;LAKE CO. PW - ARDEN SHORES ESTATES;IL0970800
MCHENRY;GW;A;C;LAKE COUNTY PUBLIC WATER DISTRICT;IL1110400
IROQUOIS;GW;A;C;LAKE COUNTY PW- HAWTHORN WOODS;IL0755200
HENRY;GW;A;C;LAKE FOREST;IL0735330
COLES;GWP;A;C;LAKE IN THE HILLS;IL0295250
WILLIAMSON;SW;A;C;LAKE IROQUOIS ASSOCIATION;IL1995200
EFFINGHAM;SWP;A;C;LAKE LYNWOOD WATER SYSTEM;IL0495150
KANKAKEE;GU;A;C;LAKE MATTOON PWD;IL0910020
PUTNAM;GW;A;C;LAKE OF EGYPT PWD;IL1555050
LAKE;SWP;A;C;LAKE SARA AREA WATER CO-OP, INC.;IL0975345
LAKE;GW;A;C;LAKE SHANNON;IL0970840
WOODFORD;GW;A;C;LAKE THUNDERBIRD SUBDIVSION;IL2035125
MACOUPIN;SWP;A;C;LAKE VIEW MHP;IL1175100
TAZEWELL;GW;A;C;LAKE VILLA;IL1795730
LAKE;GW;A;C;LAKE WILDWIND MHP;IL0970850
LAKE;GW;A;C;LAKE WILLIAMSON CHRISTIAN CENTER;IL0970270
MADISON;SWP;A;C;LAKE WINDERMERE ESTATES SUBDIVISION;IL1190120
JACKSON;SWP;A;C;LAKE ZURICH;IL0775150
MCHENRY;GW;A;C;LAKEMOOR;IL1115760
WILL;SWP;A;C;LAKESHORE ESTATES MHP;IL1975930
BUREAU;GW;A;C;LAKESIDE PWD;IL0110500
CARROLL;GW;A;C;LAKEWOOD;IL0150100
LA SALLE;GW;A;C;LAKEWOOD SHORES IMPROVEMENT ASSOCIATION;IL0995050
CHRISTIAN;SWP;A;C;LAMOILLE;IL0215150
COOK;SWP;A;C;LANARK;IL0311590
LOGAN;GW;A;C;LAND AND WTR ASSN;IL1070300
LAWRENCE;GW;A;C;LANGLEYVILLE PWD;IL1010150
LAKE;GW;A;C;LANSING;IL0970280
LAKE;GW;A;C;LATHAM;IL0975750
LAKE;GW;A;C;LAWRENCEVILLE;IL0975900
LAKE;SWP;A;C;LCPW - BROOKS FARM SUBDIVISION;IL0975460
MCLEAN;GW;A;C;LCPW - HIGHLAND LAKE SUBDIVISION;IL1130750
OGLE;GW;A;C;LCPW - PEKARA SUBDIVISION;IL1410300
ST CLAIR;SWP;A;C;LCPW-KNOLLWOOD PWS;IL1630650
LEE;GW;A;C;LE ROY;IL1034600
WINNEBAGO;GW;A;C;LEAF RIVER;IL2015300
LA SALLE;GW;A;C;LEBANON;IL0990350
COOK;GW;A;C;LEE;IL0311620
STEPHENSON;GW;A;C;LEGEND LAKES WATER ASSOCIATION;IL1770300
ST CLAIR;SWP;A;C;LELAND;IL1630700
LA SALLE;GW;A;C;LEMONT;IL0990400
COLES;GWP;A;C;LENA;IL0290200
FULTON;GW;A;C;LENZBURG;IL0570600
MCLEAN;GW;A;C;LEONORE;IL1130800
COOK;SWP;A;C;LERNA;IL0315880
ADAMS;GWP;A;C;LEWISTOWN;IL0010350
DU PAGE;GW;A;C;LEXINGTON;IL0435600
SALINE;GWP;A;C;LEYDEN TWSP WATER DISTRICT;IL1655050
LAKE;SWP;A;C;LIBERTY;IL0970900
UNION;SWP;A;C;LIBERTY PARK HOMEOWNERS ASSOCIATION;IL1815100
ADAMS;GW;A;C;LIBERTY-LEDFORD PWD;IL0010400
PEORIA;GWP;A;C;LIBERTYVILLE;IL1430020
LAKE;SWP;A;C;LICK CREEK PWD;IL0970950
COOK;SWP;A;C;LIMA;IL0311650
SANGAMON;SWP;A;C;LIMESTONE-WALTERS PWD;IL1670180
LAKE;SWP;A;C;LINCOLNSHIRE;IL0971000
COOK;GW;A;C;LINCOLNWOOD;IL0310370
OGLE;GW;A;C;LINDEN MANOR MHP;IL1415300
COOK;GW;A;C;LINDENHURST;IL0315935
GRUNDY;GW;A;C;LINDENTREE TOWNHOMES;IL0631000
DU PAGE;SWP;A;C;LINDENWOOD WATER ASSOCIATION;IL0430551
MONTGOMERY;SW;A;C;LINWAY ESTATES MHP;IL1350400
WARREN;GW;A;C;LISBON NORTH, INC.;IL1875050
WARREN;GWP;A;C;LISLE;IL1870100
MADISON;SWP;A;C;LITCHFIELD;IL1190600
SANGAMON;SWP;A;C;LITTLE SWAN LAKE SD;IL1670700
WILL;GW;A;C;LITTLE YORK;IL1970500
WILL;GWP;A;C;LIVINGSTON;IL1977070
WILL;GW;A;C;LOAMI;IL1978100
IROQUOIS;GW;A;C;LOCKPORT;IL0750550
DU PAGE;SWP;A;C;LOCKPORT HEIGHTS SD;IL0430600
FULTON;GW;A;C;LOCKPORT TOWNSHIP WATER SYSTEM;IL0574620
MACON;GW;A;C;LODA;IL1155150
LAKE;GW;A;C;LOMBARD;IL0970340
COLES;SWP;A;C;LONDON MILLS;IL0290010
CHAMPAIGN;GW;A;C;LONG CREEK TOWNSHIP PWS;IL0190350
ADAMS;GWP;A;C;LONG GROVE;IL0010450
OGLE;GW;A;C;LONGACRE ESTATES MHP;IL1415100
LA SALLE;GW;A;C;LONGVIEW;IL0990450
CLAY;SWP;A;C;LORAINE;IL0250200
WINNEBAGO;GW;A;C;LOST LAKE UTILITY DISTRICT;IL2010150
MOULTRIE;GW;A;C;LOSTANT;IL1390250
WOODFORD;GW;A;C;LOUISVILLE;IL2035100
CHAMPAIGN;GW;A;C;LOVES PARK;IL0190400
WHITESIDE;GW;A;C;LOVINGTON;IL1950300
HENRY;GW;A;C;LOW POINT WATER DISTRICT;IL0735100
MORGAN;GWP;A;C;LUDLOW;IL1370250
LA SALLE;GW;A;C;LYNDON;IL0995336
COOK;SWP;A;C;LYNN WATER ASSOCIATION, INC;IL0311680
HENRY;GW;A;C;LYNNVILLE;IL0735280
COOK;SWP;A;C;LYNNWOOD WATER CORPORATION;IL0311710
MERCER;GW;A;C;LYNWOOD;IL1315150
KANE;GW;A;C;LYNWOOD 3RD ADDITION;IL0895149
FRANKLIN;SWP;A;C;LYONS;IL0554640
TAZEWELL;GW;A;C;M C L W SYSTEM, INC.;IL1790350
MCDONOUGH;SW;A;C;MA CENTER CHICAGO;IL1090350
MACON;GW;A;C;MACEDONIA;IL1150250
MONROE;GWP;A;C;MACKINAW;IL1330200
PUTNAM;GW;A;C;MACOMB;IL1550200
CHAMPAIGN;GW;A;C;MACON;IL0190450
BUREAU;GW;A;C;MAEYSTOWN;IL0110550
DE KALB;GW;A;C;MAGNOLIA;IL0370350
SCOTT;SWP;A;C;MAHOMET;IL1710250
WINNEBAGO;GW;A;C;MALDEN;IL2015545
WILL;GW;A;C;MALTA;IL1970550
MASON;GW;A;C;MANCHESTER;IL1250300
BUREAU;GW;A;C;MANCUSO VILLAGE PARK MHP;IL0110600
PIATT;GW;A;C;MANHATTAN;IL1470300
KANKAKEE;GW;A;C;MANITO;IL0915385
BUREAU;GW;A;C;MANLIUS;IL0115135
KANE;GW;A;C;MANSFIELD;IL0890500
PEORIA;GWP;A;C;MANTENO MHP;IL1430500
CHAMPAIGN;GWP;A;C;MAPLE ACRES MHP;IL0190660
KNOX;GW;A;C;MAPLE PARK;IL0950350
MCHENRY;GW;A;C;MAPLETON;IL1110650
KANE;GW;A;C;MAPLEWOOD MAC LLC;IL0895285
KANE;GW;A;C;MAQUON;IL0895545
FULTON;GWP;A;C;MARENGO;IL0570030
MADISON;SWP;A;C;MARGARETS HI-ACRE MHP;IL1190700
WILLIAMSON;SWP;A;C;MARGARETS PARK VIEW ESTATES MHP;IL1990550
ST CLAIR;SWP;A;C;MARIETTA;IL1630750
PUTNAM;GW;A;C;MARINE;IL1550250
COOK;SWP;A;C;MARION;IL0311770
MACON;GW;A;C;MARISSA;IL1150300
TAZEWELL;GW;A;C;MARK;IL1790400
LA SALLE;GW;A;C;MARKHAM;IL0990500
LA SALLE;GW;A;C;MAROA;IL0990110
CLARK;GW;A;C;MARQUETTE HEIGHTS;IL0230100
CLARK;GWP;A;C;MARSEILLES;IL0230150
IROQUOIS;GW;A;C;MARSEILLES SOUTH;IL0750600
MADISON;GW;A;C;MARSHALL;IL1190750
ST CLAIR;SWP;A;C;MARTINSVILLE;IL1630800
MASON;GW;A;C;MARTINTON;IL1250350
MOULTRIE;GWP;A;C;MARYVILLE;IL1395199
MERCER;GW;A;C;MASCOUTAH;IL1310200
COOK;SWP;A;C;MASON CITY;IL0311800
COLES;SW;A;C;MASON POINT;IL0290250
TAZEWELL;GW;A;C;MATHERVILLE;IL1795750
COOK;SWP;A;C;MATTESON;IL0311830
GRUNDY;GW;A;C;MATTOON;IL0630500
COOK;SWP;A;C;MAYFAIR SUBDIVISION;IL0311740
MCLEAN;GW;A;C;MAYWOOD;IL1130850
HAMILTON;SWP;A;C;MAZON;IL0650200
ALEXANDER;GWP;A;C;MC COOK;IL0035050
MCHENRY;GW;A;C;MC LEAN;IL1110600
PUTNAM;GW;A;C;MC LEANSBORO;IL1550150
MADISON;GWP;A;C;MCCLURE-EAST CAPE PWD;IL1195200
MCLEAN;GW;A;C;MCHENRY;IL1135689
MCLEAN;SWP;A;C;MCNABB;IL1135785
SANGAMON;GW;A;C;MEADOWBROOK PWD;IL1675150
HENDERSON;GWP;A;C;MEADOWS MENNONITE HOME;IL0710250
MACOUPIN;SWP;A;C;MEADOWS OF BLOOMINGTON MHP;IL1170550
COOK;SWP;A;C;MECHANICSBURG-BUFFALO WATER COMMISSION;IL0311860
FORD;GW;A;C;MEDIA;IL0530200
MENARD;GWP;A;C;MEDORA;IL1290010
ADAMS;GWP;A;C;MELROSE PARK;IL0010500
LA SALLE;GW;A;C;MELVIN;IL0990550
LA SALLE;GWP;A;C;MENARD RURAL WATER COOP;IL0990560
MORGAN;GW;A;C;MENDON;IL1370300
OGLE;GW;A;C;MENDOTA;IL1415165
MADISON;GWP;A;C;MENDOTA MOBILE HOME COMMUNITY;IL1190110
COOK;SWP;A;C;MEREDOSIA;IL0311890
WOODFORD;GW;A;C;MERIDIAN MHP;IL2030350
EDGAR;GW;A;C;MERIDIAN VILLAGE;IL0450250
MASSAC;GW;A;C;MERRIONETTE PARK;IL1270150
COOK;SWP;A;C;METAMORA;IL0310230
LOGAN;GW;A;C;METCALF;IL1070500
COOK;SWP;A;C;METROPOLIS;IL0311920
ROCK ISLAND;GW;A;C;MID-MARK WATER COMMISSION;IL1610400
IROQUOIS;GW;A;C;MIDDLETOWN;IL0750650
ADAMS;GW;A;C;MIDLOTHIAN;IL0015300
KANE;GW;A;C;MILAN;IL0890120
WOODFORD;GW;A;C;MILFORD;IL2035165
WHITE;SWP;A;C;MILL CREEK PWD;IL1930300
CARROLL;GW;A;C;MILL CREEK WATER RECLAMATION DISTRICT;IL0150150
ST CLAIR;SWP;A;C;MILL POINT MHP;IL1630850
POPE;GW;A;C;MILL SHOALS;IL1515050
PIKE;GW;A;C;MILLEDGEVILLE;IL1490450
SANGAMON;SWP;A;C;MILLSTADT;IL1670170
BUREAU;GW;A;C;MILLSTONE PWD;IL0110650
TAZEWELL;GW;A;C;MILTON;IL1790450
WOODFORD;GW;A;C;MILTON MANOR MHP;IL2030400
GRUNDY;GW;A;C;MINERAL;IL0630550
COOK;SWP;A;C;MINIER;IL0315920
ROCK ISLAND;SWP;A;C;MINONK;IL1610350
MADISON;SWP;A;C;MINOOKA;IL1195210
SALINE;GWP;A;C;MISSION BROOK SD;IL1655200
MACOUPIN;SWP;A;C;MISSISSIPPI MANUFACTURED HOME COMMUNITY;IL1170600
WILL;SWP;A;C;MITCHELL PWD;IL1970600
ROCK ISLAND;SW;A;C;MITCHELLSVILLE PWD;IL1610450
KANKAKEE;GW;A;C;MODESTO;IL0910650
WILL;GW;A;C;MOKENA;IL1970650
WARREN;GW;A;C;MOLINE;IL1870150
KANE;GW;A;C;MOMENCE;IL0894690
MONTGOMERY;SWP;A;C;MONEE;IL1350020
PIATT;GW;A;C;MONMOUTH;IL1470350
EFFINGHAM;GW;A;C;MONTGOMERY;IL0490350
JEFFERSON;SWP;A;C;MONTGOMERY COUNTY WATER COMPANY;IL0810030
KANE;GW;A;C;MONTICELLO;IL0895319
KENDALL;GW;A;C;MONTROSE;IL0935140
LOGAN;GW;A;C;MOORES PRAIRIE TOWNSHIP WATER COMPANY;IL1075145
MADISON;GWP;A;C;MOOSEHEART;IL1195250
GRUNDY;GW;A;C;MORGAN CREEK;IL0630600
WHITESIDE;GW;A;C;MORNINGSIDE MOBILE ESTATES MHP;IL1950350
CHRISTIAN;GW;A;C;MORO PWD;IL0210300
TAZEWELL;GW;A;C;MORRIS;IL1790500
COOK;SWP;A;C;MORRISON;IL0311950
TAZEWELL;GWP;A;C;MORRISONVILLE;IL1795345
MOULTRIE;SWP;A;C;MORTON;IL1395150
PULASKI;GW;A;C;MORTON GROVE;IL1530100
ST CLAIR;GW;A;C;MORTON MOBILE HOME PARK;IL1635050
BROWN;GWP;A;C;MOULTRIE COUNTY RWD;IL0090050
PULASKI;GWP;A;C;MOUND CITY;IL1530150
CHRISTIAN;GW;A;C;MOUND PWD;IL0210350
WABASH;GU;A;C;MOUND STATION;IL1850200
CARROLL;GW;A;C;MOUNDS;IL0150200
MACOUPIN;SWP;A;C;MOUNT AUBURN;IL1170650
WAYNE;GW;A;C;MOUNT CARMEL;IL1910350
OGLE;GW;A;C;MOUNT CARROLL;IL1410350
OGLE;GW;A;C;MOUNT CLARE;IL1415185
MACOUPIN;SW;A;C;MOUNT ERIE;IL1170700
COOK;SWP;A;C;MOUNT MORRIS;IL0311980
LOGAN;GW;A;C;MOUNT MORRIS ESTATES MHP;IL1070400
LAKE;GW;A;C;MOUNT OLIVE;IL0975849
BROWN;GWP;A;C;MOUNT PROSPECT;IL0090100
JEFFERSON;SWP;A;C;MOUNT PULASKI;IL0810300
JO DAVIESS;GW;A;C;MOUNT ST JOSEPH SCHOOL ICF;IL0855100
MACON;SWP;A;C;MOUNT STERLING;IL1150350
SHELBY;GW;A;C;MOUNT VERNON;IL1730200
SALINE;GWP;A;C;MOUNT VERNON ASSOCIATION INC;IL1650250
BOND;SWP;A;C;MOUNT ZION;IL0050100
FRANKLIN;SWP;A;C;MOWEAQUA;IL0555150
LAKE;SWP;A;C;MUDDY;IL0971150
JACKSON;SWP;A;C;MULBERRY GROVE;IL0775200
JACKSON;SWP;A;C;MULKEYTOWN PWD;IL0770500
MORGAN;SWP;A;C;MUNDELEIN;IL1375150
DU PAGE;SWP;A;C;MURDALE PWD;IL0434670
LA SALLE;GW;A;C;MURPHYSBORO;IL0990600
WASHINGTON;SW;A;C;MURRAYVILLE-WOODSON WATER COMMISSION;IL1890300
JEFFERSON;SWP;A;C;NAPERVILLE;IL0810350
HANCOCK;SW;A;C;NAPLATE;IL0670500
PIKE;GW;A;C;NASHVILLE;IL1490500
CUMBERLAND;SW;A;C;NASON;IL0350150
BUREAU;GW;A;C;NAUVOO;IL0110700
ST CLAIR;SWP;A;C;NEBO;IL1631050
CLINTON;SWP;A;C;NEOGA;IL0274700
SANGAMON;GWP;A;C;NEPONSET;IL1670800
MERCER;GW;A;C;NEW ATHENS;IL1310250
PIKE;GW;A;C;NEW BADEN;IL1490550
GALLATIN;GW;A;C;NEW BERLIN;IL0590150
LOGAN;GW;A;C;NEW BOSTON;IL1070450
WAYNE;SWP;A;C;NEW CANTON;IL1915100
WILL;SWP;A;C;NEW HAVEN;IL1970700
CLINTON;SWP;A;C;NEW HOLLAND;IL0275350
WASHINGTON;SWP;A;C;NEW HOPE WATERWORKS CORP;IL1890350
JERSEY;SWP;A;C;NEW LENOX;IL0830010
MCDONOUGH;GWP;A;C;NEW MEMPHIS PWD;IL1090010
MERCER;GW;A;C;NEW MINDEN;IL1310500
KENDALL;GW;A;C;NEW PIASA CHAUTAUQUA PWS;IL0930100
DOUGLAS;GW;A;C;NEW SALEM PWD;IL0410250
JASPER;GW;A;C;NEW WINDSOR;IL0790100
MACON;GW;A;C;NEWARK;IL1150400
COOK;SWP;A;C;NEWMAN;IL0312010
MACOUPIN;SWP;A;C;NEWTON;IL1170750
RICHLAND;SWP;A;C;NIANTIC;IL1590150
MONTGOMERY;GW;A;C;NILES;IL1350450
MCLEAN;GW;A;C;NILWOOD;IL1130900
COOK;SWP;A;C;NOBLE;IL0312040
FULTON;SWP;A;C;NOKOMIS;IL0570750
WHITE;GW;A;C;NORMAL;IL1930350
KANE;GW;A;C;NORRIDGE;IL0890600
LAKE;SW;A;C;NORRIS;IL0971250
FRANKLIN;SWP;A;C;NORRIS CITY;IL0550300
MADISON;GWP;A;C;NORTH AURORA;IL1195280
MARION;SWP;A;C;NORTH CHICAGO;IL1210030
HENRY;GW;A;C;NORTH CITY;IL0735850
MERCER;GW;A;C;NORTH EAST CENTRAL PWD;IL1310300
MCLEAN;GWP;A;C;NORTH EAST MARION COUNTY WATER CMPNY;IL1130060
MORGAN;SWP;A;C;NORTH HAZELWOOD SBDV;IL1375050
WINNEBAGO;GW;A;C;NORTH HENDERSON;IL2015500
TAZEWELL;GW;A;C;NORTH MEADOW VILLAGE MHP;IL1790550
DU PAGE;GW;A;C;NORTH MORGAN WATER COOP;IL0435850
COOK;SWP;A;C;NORTH PARK PWD;IL0312160
TAZEWELL;GW;A;C;NORTH PEKIN;IL1795780
LA SALLE;GW;A;C;NORTH REGIONAL WATER FAC;IL0990650
COOK;SW;A;C;NORTH RIVERSIDE;IL0312070
SANGAMON;SWP;A;C;NORTH TAZEWELL PWD;IL1670130
JEFFERSON;SWP;A;C;NORTH UTICA;IL0810010
CLINTON;SWP;A;C;NORTHBROOK;IL0270030
DE KALB;GWP;A;C;NORTHBROOK MHC;IL0375500
MCHENRY;GW;A;C;NORTHEAST MOUNT VERNON WATER COMPANY;IL1115850
COOK;SWP;A;C;NORTHERN BREESE WATER ASSOCIATION;IL0312100
COOK;SWP;A;C;NORTHERN ILLINOIS UNIVERSITY-DEKALB;IL0314710
COOK;SWP;A;C;NORTHERN ILLINOIS UTILITIES, INC.;IL0315400
SCHUYLER;GWP;A;C;NORTHFIELD;IL1690010
COOK;SWP;A;C;NORTHLAKE;IL0315300
ST CLAIR;SWP;A;C;NORTHWEST SUBURBAN MUNICIPAL JAWA;IL1631100
DU PAGE;SWP;A;C;NORTHWEST WATER ASSOCIATION OF RUSHVILLE;IL0430700
COOK;SWP;A;C;NORTHWEST WATER COMMISSION;IL0312190
COOK;SWP;A;C;O FALLON;IL0317789
MADISON;SWP;A;C;OAK BROOK;IL1195180
ROCK ISLAND;GW;A;C;OAK FOREST;IL1617785
TAZEWELL;GW;A;C;OAK FOREST HEALTH CENTER;IL1795800
COOK;SWP;A;C;OAK GROVE MHP - MADISON COUNTY;IL0311900
COOK;SWP;A;C;OAK GROVE MHP - ROCK ISLAND COUNTY;IL0312220
BOONE;GW;A;C;OAK LANE ACRES SUBDIVISION;IL0075275
COOK;SWP;A;C;OAK LANE MHC;IL0312250
PUTNAM;GWP;A;C;OAK LAWN;IL1550010
WOODFORD;GW;A;C;OAK LAWN MHP;IL2035300
HENRY;GW;A;C;OAK PARK;IL0730120
DU PAGE;SWP;A;C;OAK PARK ESTATES;IL0430750
MENARD;GWP;A;C;OAK RIDGE SANITARY DISTRICT;IL1290150
COLES;GWP;A;C;OAK VIEW ESTATES;IL0290300
LA SALLE;GW;A;C;OAKBROOK TERRACE;IL0995250
SANGAMON;SWP;A;C;OAKFORD;IL1670060
HENRY;GW;A;C;OAKLAND;IL0735140
HENRY;GW;A;C;OAKLANE SBDV;IL0730070
COOK;GW;A;C;OAKWOOD ESTATES;IL0315185
CRAWFORD;GWP;A;C;OAKWOOD PLACE SUBDIVISION;IL0330150
LIVINGSTON;GW;A;C;OAKWOOD WEST SUBDIVISION;IL1050550
MARION;SWP;A;C;OASIS MHP;IL1210350
CHAMPAIGN;GW;A;C;OBLONG;IL0190500
KANE;GW;A;C;ODELL;IL0895400
LA SALLE;GW;A;C;ODIN;IL0990700
BUREAU;GW;A;C;OGDEN;IL0110800
WASHINGTON;SWP;A;C;OGDEN GARDENS SUBDIVISION;IL1890400
MENARD;GWP;A;C;OGLESBY;IL1295100
GALLATIN;GW;A;C;OHIO;IL0590200
VERMILION;GWP;A;C;OKAWVILLE;IL1835300
PULASKI;GW;A;C;OLD SALEM CHAUTAUQUA;IL1530250
RICHLAND;SW;A;C;OLD SHAWNEETOWN;IL1590200
COOK;SWP;A;C;OLIVET PWD;IL0312280
GALLATIN;GWP;A;C;OLMSTED;IL0590250
IROQUOIS;GW;A;C;OLNEY;IL0750700
KNOX;GW;A;C;OLYMPIA FIELDS;IL0950400
HENRY;GW;A;C;OMAHA;IL0735150
HENDERSON;GW;A;C;ONARGA;IL0710300
STEPHENSON;GW;A;C;ONEIDA;IL1770350
JACKSON;SWP;A;C;OPHIEM PWS;IL0775250
MACON;GWP;A;C;OQUAWKA;IL1150450
OGLE;GW;A;C;ORANGEVILLE;IL1410400
FRANKLIN;SWP;A;C;ORAVILLE WATER DISTRICT;IL0550350
HENRY;GW;A;C;OREANA;IL0730700
COOK;SWP;A;C;OREGON;IL0312310
HENRY;GW;A;C;ORIENT;IL0735200
KENDALL;GW;A;C;ORION;IL0930150
LA SALLE;GW;A;C;ORLAND PARK;IL0990800
WINNEBAGO;GW;A;C;OSCO MUTUAL WATER SUPPLY COMPANY, INC.;IL2015320
MACOUPIN;SW;A;C;OSWEGO;IL1175200
CHRISTIAN;SWP;A;C;OTTAWA;IL0210400
COOK;SWP;A;C;OTTER CREEK LAKE UTILITIES DISTRICT;IL0312340
CHRISTIAN;GW;A;C;OTTER LAKE WATER COMMISSION;IL0210450
MACOUPIN;SWP;A;C;OWANECO;IL1170800
MACOUPIN;SW;A;C;PALATINE;IL1175150
COOK;SWP;A;C;PALMER;IL0312370
COOK;SWP;A;C;PALMYRA;IL0312400
COOK;SWP;A;C;PALMYRA-MODESTO WATER COMMISSION;IL0311000
CHRISTIAN;SW;A;C;PALOS HEIGHTS;IL0210500
BOND;SWP;A;C;PALOS HILLS;IL0054720
ROCK ISLAND;GW;A;C;PALOS PARK;IL1617665
COOK;SWP;A;C;PANA;IL0310010
EDGAR;GW;A;C;PANAMA;IL0450300
LAKE;SWP;A;C;PARADISE MANOR MHP;IL0971400
LAKE;SWP;A;C;PARADISE MHP;IL0975575
COOK;GW;A;C;PARIS;IL0314740
BOONE;GW;A;C;PARK CITY;IL0075235
COOK;SWP;A;C;PARK CITY MHP;IL0312460
SANGAMON;SWP;A;C;PARK FOREST;IL1670110
RICHLAND;SWP;A;C;PARK MEADOWLAND WEST MHP;IL1590250
MARION;SWP;A;C;PARK RIDGE;IL1210400
GREENE;GWP;A;C;PARK RIDGE MHC;IL0610450
LAKE;GW;A;C;PARKERSBURG;IL0975485
LEE;GW;A;C;PATOKA;IL1030400
SANGAMON;SWP;A;C;PATTERSON (INC AS WILMINGTON);IL1670850
FORD;GW;A;C;PAULS MHP;IL0530250
FORD;GWP;A;C;PAW PAW;IL0530260
ADAMS;GW;A;C;PAWNEE;IL0010550
PIKE;GW;A;C;PAXTON;IL1490650
STEPHENSON;GW;A;C;PAXTON MHP LLC;IL1770400
WINNEBAGO;GW;A;C;PAYSON;IL2010250
TAZEWELL;GWP;A;C;PEARL;IL1790030
KANKAKEE;GWP;A;C;PEARL CITY;IL0910010
CHAMPAIGN;GW;A;C;PECATONICA;IL0195100
PEORIA;GW;A;C;PEKIN FED CORRECTIONAL INST AND PRSNCMP;IL1434750
WILL;GW;A;C;PEMBROKE TOWNSHIP;IL1970750
RANDOLPH;GW;A;C;PENFIELD PWD;IL1570350
PIKE;GWP;A;C;PEORIA HEIGHTS;IL1490700
LA SALLE;GW;A;C;PEOTONE;IL0990850
MENARD;GW;A;C;PERCY;IL1290200
LAWRENCE;GWP;A;C;PERRY;IL1015350
WILL;GW;A;C;PERU;IL1975385
SANGAMON;SWP;A;C;PETERSBURG;IL1670250
WINNEBAGO;GW;A;C;PETROLIA PWD;IL2015625
COOK;SWP;A;C;PHEASANT LAKE ESTATES MHP;IL0312490
MADISON;SWP;A;C;PHEASANT RUN MHP;IL1194760
PIKE;GW;A;C;PHIL-AIRE ESTATES MHP;IL1495000
PERRY;SW;A;C;PHOENIX;IL1450150
KANE;GW;A;C;PIERRON;IL0890160
FORD;GW;A;C;PIKE COUNTY PWD 1;IL0530300
WILLIAMSON;SWP;A;C;PINCKNEYVILLE;IL1990600
PIKE;GW;A;C;PINGREE GROVE;IL1490750
WILL;SWP;A;C;PIPER CITY;IL1970800
ADAMS;GW;A;C;PITTSBURG;IL0010600
KENDALL;GW;A;C;PITTSFIELD;IL0930200
PIKE;GW;A;C;PLAINFIELD;IL1490800
SANGAMON;GW;A;C;PLAINVILLE;IL1670900
DU PAGE;GW;A;C;PLANO;IL0435945
PEORIA;GW;A;C;PLEASANT HILL;IL1435470
FRANKLIN;SWP;A;C;PLEASANT PLAINS;IL0555400
HANCOCK;GW;A;C;PLEASANT RIDGE MHP;IL0670550
BOND;SWP;A;C;PLEASANT VALLEY PWD;IL0050200
OGLE;GW;A;C;PLUMFIELD WATER DISTRICT;IL1410450
DU PAGE;GW;A;C;PLYMOUTH;IL0437000
MADISON;SWP;A;C;POCAHONTAS;IL1195300
BOONE;GW;A;C;POLO;IL0070150
BOONE;GW;A;C;POLO DR AND SADDLE RD SUBDIVISION;IL0070300
BOONE;GW;A;C;PONTOON BEACH PWD;IL0070350
LAKE;GW;A;C;POPLAR GROVE;IL0971120
ROCK ISLAND;GW;A;C;POPLAR GROVE SOUTH;IL1610550
LAKE;GW;A;C;POPLAR GROVE WEST-COUNTRYSIDE;IL0971160
COOK;SWP;A;C;PORT BARRINGTON SHORES SUBDIVISION;IL0312520
VERMILION;GW;A;C;PORT BYRON;IL1830650
KANE;GW;A;C;PORTS SULLIVAN LAKE OWNERS ASSOCIATION;IL0895550
MCDONOUGH;GW;A;C;POSEN;IL1090400
RANDOLPH;GWP;A;C;POTOMAC;IL1570400
ST CLAIR;SWP;A;C;POWERS WATER CO, INC.;IL1635070
GRUNDY;GW;A;C;PRAIRIE CITY;IL0630060
MCHENRY;GW;A;C;PRAIRIE DU ROCHER;IL1115730
WINNEBAGO;GW;A;C;PRAIRIE DUPONT PWD;IL2015100
LAKE;GW;A;C;PRAIRIE OAKS ESTS HOMEOWNERS ASSN;IL0971200
TAZEWELL;GW;A;C;PRAIRIE RIDGE ASSOCIATION;IL1795900
IROQUOIS;GWP;A;C;PRAIRIE ROAD PUMP CORPORATION;IL0750020
IROQUOIS;GW;A;C;PRAIRIE TRAILS OF LONG GROVE;IL0755389
BUREAU;GW;A;C;PRAIRIE VIEW WATER ASSOCIATION;IL0110850
PEORIA;GW;A;C;PRAIRIEVIEW LUTHERAN HOME;IL1430750
LAKE;GW;A;C;PRESENCE MERKLE KNIPRATH;IL0970320
WHITESIDE;GW;A;C;PRINCETON;IL1950400
COOK;SWP;A;C;PRINCEVILLE;IL0312530
SALINE;SWP;A;C;PROMONTORY POINTE HOMEOWNERS ASSOCIATION;IL1655110
PULASKI;GWP;A;C;PROPHETSTOWN;IL1530300
ADAMS;SW;A;C;PROSPECT HEIGHTS;IL0010650
MARION;SWP;A;C;PROSPECT WATER DISTRICT;IL1215100
WASHINGTON;SWP;A;C;PULASKI;IL1890450
WINNEBAGO;GW;A;C;QUINCY;IL2015645
ROCK ISLAND;GW;A;C;RACCOON WATER COMPANY;IL1615580
SALINE;GWP;A;C;RADOM;IL1655120
FAYETTE;GW;A;C;RAINBOW LANE MHP;IL0510200
VERMILION;GW;A;C;RAINBOW RIDGE;IL1830700
CHAMPAIGN;GW;A;C;RALEIGH WATER DISTRICT;IL0190650
ROCK ISLAND;GW;A;C;RAMSEY;IL1610600
HENDERSON;GWP;A;C;RANKIN;IL0710350
MONTGOMERY;GW;A;C;RANTOUL;IL1350550
RANDOLPH;GW;A;C;RAPIDS CITY;IL1570450
KANKAKEE;GW;A;C;RARITAN;IL0914780
FRANKLIN;SW;A;C;RAYMOND;IL0555100
LA SALLE;GWP;A;C;RED BUD;IL0995400
ROCK ISLAND;GW;A;C;REDDICK;IL1614800
MCHENRY;GW;A;C;REND LAKE INTER-CITY WATER SYSTEM;IL1110750
COOK;GW;A;C;RETZ ADDN IMPROVEMENT ASSOCIATION;IL0312550
WASHINGTON;SWP;A;C;REYNOLDS;IL1890500
VERMILION;GW;A;C;RICHMOND;IL1830750
SANGAMON;SWP;A;C;RICHTON PARK;IL1670160
GRUNDY;GW;A;C;RICHVIEW;IL0635250
ROCK ISLAND;GW;A;C;RIDGE FARM;IL1615670
GALLATIN;GWP;A;C;RIDGE VILLAGE MHP;IL0590300
KNOX;GW;A;C;RIDGECREST NORTH SUBDIVISION;IL0950450
BROWN;GWP;A;C;RIDGEWOOD LEDGES WATER ASSOCIATION;IL0090150
COOK;SWP;A;C;RIDGWAY;IL0312610
COOK;SWP;A;C;RIO;IL0312640
KANKAKEE;GW;A;C;RIPLEY;IL0915445
COOK;SWP;A;C;RIVER FOREST;IL0312580
COOK;SWP;A;C;RIVER GROVE;IL0312670
WHITESIDE;GWP;A;C;RIVERCREST MHP;IL1955165
SANGAMON;GW;A;C;RIVERDALE;IL1670950
LAKE;SWP;A;C;RIVERSIDE;IL0971450
WOODFORD;GW;A;C;RIVERSIDE ESTATES MHP;IL2030550
COOK;SWP;A;C;RIVERTON;IL0312700
FORD;GW;A;C;RIVERWOODS;IL0530350
CRAWFORD;GW;A;C;ROANOKE;IL0335030
OGLE;GW;A;C;ROBBINS;IL1410500
SANGAMON;SWP;A;C;ROBERTS;IL1671000
STEPHENSON;GW;A;C;ROBINSON-PALESTINE WATER COMMISSION;IL1770500
WHITESIDE;GW;A;C;ROCHELLE;IL1950450
ROCK ISLAND;SW;A;C;ROCHESTER;IL1610650
ROCK ISLAND;SW;A;C;ROCK CITY;IL1615387
LEE;GW;A;C;ROCK FALLS;IL1035245
GREENE;GWP;A;C;ROCK ISLAND;IL0610300
WILL;GW;A;C;ROCK ISLAND ARSENAL, US ARMY;IL1970850
WINNEBAGO;GW;A;C;ROCK RIVER ESTATES MHP;IL2010300
LAKE;GW;A;C;ROCKBRIDGE;IL0975585
WINNEBAGO;GW;A;C;ROCKDALE;IL2010350
OGLE;GW;A;C;ROCKFORD;IL1415350
LAKE;GW;A;C;ROCKLAND MHP;IL0970110
OGLE;GW;A;C;ROCKTON;IL1415245
COOK;SWP;A;C;ROCKVALE CORPORATION;IL0312730
OGLE;GW;A;C;ROCKWELL UTILITIES, LLC;IL1415265
WILL;GW;A;C;ROLLING GREEN ESTATES MHP;IL1970900
GREENE;GW;A;C;ROLLING MEADOWS;IL0610350
DU PAGE;SWP;A;C;ROLLING MEADOWS MHP;IL0434820
COOK;SWP;A;C;ROMEOVILLE;IL0312760
WARREN;GWP;A;C;ROODHOUSE;IL1870200
HARDIN;GU;A;C;ROSELLE;IL0690150
VERMILION;GW;A;C;ROSEMONT;IL1830800
LAKE;SWP;A;C;ROSEVILLE;IL0971500
LAKE;SWP;A;C;ROSICLARE;IL0971550
LAKE;SWP;A;C;ROSSVILLE;IL0970260
LAKE;SWP;A;C;ROUND LAKE;IL0971600
SANGAMON;SWP;A;C;ROUND LAKE BEACH;IL1670090
MADISON;GW;A;C;ROUND LAKE HEIGHTS;IL1190900
CHAMPAIGN;GW;A;C;ROUND LAKE PARK;IL0190700
MACOUPIN;SWP;A;C;ROUND PRAIRIE WATER COOP;IL1170830
LAKE;GW;A;C;ROXANA;IL0970170
PEORIA;GWP;A;C;ROYAL;IL1430040
MCHENRY;GW;A;C;ROYAL LAKES;IL1115145
FRANKLIN;SWP;A;C;ROYAL MELBOURNE HOMEOWNERS ASN;IL0555030
RANDOLPH;GW;A;C;ROYAL OAKS ESTATES;IL1570550
WABASH;GWP;A;C;ROYAL OAKS MHP;IL1850010
SCHUYLER;GW;A;C;ROYALTON;IL1690200
HENRY;GW;A;C;RUMA;IL0735500
LA SALLE;GW;A;C;RURAL WABASH COUNTY WATER DISTRICT;IL0991000
ST CLAIR;SW;A;C;RUSHVILLE;IL1635090
LAKE;GW;A;C;RUSTIC ACRES WATER ASSOCIATION;IL0970120
JASPER;GWP;A;C;RUTLAND;IL0790200
MARION;SW;A;C;S L M WATER COMMISSION;IL1210450
SALINE;GW;A;C;SADDLEBROOK FARMS;IL1655300
MASON;GW;A;C;SAINTE MARIE;IL1254840
MARION;SWP;A;C;SALEM;IL1210500
DE KALB;GW;A;C;SALINE VALLEY CONSERVANCY DISTRICT;IL0374850
DE KALB;GWP;A;C;SAN JOSE;IL0374860
CHAMPAIGN;GW;A;C;SANDOVAL;IL0195150
PEORIA;GW;A;C;SANDWICH;IL1435490
COOK;GW;A;C;SANDWICH ESTATES MHP;IL0312790
CARROLL;GW;A;C;SANGAMON VALLEY PWD;IL0150250
MACOUPIN;SWP;A;C;SANTA FE ESTATES WATER ASSOCIATION;IL1170850
MCLEAN;GW;A;C;SAUK;IL1130950
JO DAVIESS;GW;A;C;SAVANNA;IL0850400
COOK;SWP;A;C;SAWYERVILLE;IL0314890
COOK;SWP;A;C;SAYBROOK;IL0312850
MONTGOMERY;SWP;A;C;SCALES MOUND;IL1350600
LAKE;GW;A;C;SCHAUMBURG;IL0977150
MCDONOUGH;GWP;A;C;SCHILLER PARK;IL1090020
SCOTT;GWP;A;C;SCHRAM CITY;IL1710020
MACOUPIN;SWP;A;C;SCHWERMANNS 2ND AND 3RD WTR BRD;IL1170010
MERCER;GW;A;C;SCIOTA;IL1310350
BUREAU;GW;A;C;SCOTT COUNTY RURAL WATER CO-OP;IL0110900
WOODFORD;GW;A;C;SCOTTVILLE RURAL WATER COMPANY, INC.;IL2030600
LA SALLE;GW;A;C;SEATON;IL0991050
FRANKLIN;SWP;A;C;SEATONVILLE;IL0550450
CHAMPAIGN;GWP;A;C;SECOR;IL0190060
DE KALB;GW;A;C;SENECA;IL0370450
GRUNDY;GW;A;C;SESSER;IL0635225
OGLE;GW;A;C;SEYMOUR WATER DISTRICT;IL1415285
CARROLL;GW;A;C;SHABBONA;IL0150300
CHRISTIAN;GWP;A;C;SHADY OAKS MHP;IL0210030
UNION;GWP;A;C;SHANGRI-LA MHP;IL1815550
GALLATIN;GWP;A;C;SHANNON;IL0590350
BUREAU;GW;A;C;SHARPSBURG AND NEIGHBORING AREA WATER SY;IL0110950
SHELBY;GW;A;C;SHAWNEE VALLEY PWD;IL1730300
IROQUOIS;GW;A;C;SHAWNEETOWN;IL0750800
LA SALLE;GW;A;C;SHEFFIELD;IL0995840
MERCER;GW;A;C;SHELBYVILLE;IL1310400
MACOUPIN;SWP;A;C;SHELDON;IL1170950
LAKE;SWP;A;C;SHERIDAN CORRECTIONAL CENTER;IL0975615
WILL;GW;A;C;SHERRARD;IL1975080
FORD;GW;A;C;SHIPMAN;IL0530400
VERMILION;GW;A;C;SHORELINE TRC MHP;IL1830850
CHAMPAIGN;GWP;A;C;SHOREWOOD;IL0190850
SHELBY;GW;A;C;SIBLEY;IL1730350
KANE;GW;A;C;SIDELL;IL0890040
ROCK ISLAND;GW;A;C;SIDNEY;IL1610700
ROCK ISLAND;GW;A;C;SIGEL;IL1615750
WAYNE;SWP;A;C;SILVER GLEN HOMEOWNER'S ASSOCIATION;IL1910400
WINNEBAGO;GW;A;C;SILVIS;IL2015685
COOK;SWP;A;C;SILVIS HEIGHTS WATER CORP;IL0312880
KANKAKEE;GW;A;C;SIMS;IL0915526
KANE;SWP;A;C;SIX OAKS MHP;IL0890750
MORGAN;SWP;A;C;SKOKIE;IL1370030
BOND;SWP;A;C;SKYVIEW SBDV;IL0050250
FULTON;GW;A;C;SLEEPY HOLLOW;IL0570850
ST CLAIR;SWP;A;C;SMG WATER COOP;IL1631300
EFFINGHAM;SWP;A;C;SMITHBORO;IL0495350
DE KALB;GW;A;C;SMITHFIELD;IL0374870
BOND;SWP;A;C;SMITHTON;IL0050300
COOK;GW;A;C;SNAKE TRAIL WTR ASSN;IL0310200
WINNEBAGO;GWP;A;C;SOMONAUK;IL2010460
COOK;SWP;A;C;SORENTO;IL0312940
KANE;GW;A;C;SOUTH BARRINGTON;IL0890800
FULTON;GWP;A;C;SOUTH BLUFF MHP;IL0570010
JACKSON;SWP;A;C;SOUTH CHICAGO HEIGHTS;IL0775400
COOK;SWP;A;C;SOUTH ELGIN;IL0312970
MORGAN;GW;A;C;SOUTH FULTON WATER DISTRICT;IL1370400
LAWRENCE;GWP;A;C;SOUTH HIGHWAY PWD;IL1010020
MACOUPIN;SWP;A;C;SOUTH HOLLAND;IL1170060
COOK;SWP;A;C;SOUTH JACKSONVILLE;IL0310140
TAZEWELL;GW;A;C;SOUTH LAWRENCE WATER CORP;IL1790650
WILL;GWP;A;C;SOUTH PALMYRA WATER COMMISSION;IL1970140
MADISON;GWP;A;C;SOUTH PALOS TWSP SANITARY DIST;IL1190970
SANGAMON;GW;A;C;SOUTH PEKIN;IL1670080
COOK;SWP;A;C;SOUTH RIDGE MHC;IL0317370
GRUNDY;GW;A;C;SOUTH ROXANA;IL0630650
WILL;GW;A;C;SOUTH SANGAMON WATER COMMISSION;IL1977490
DU PAGE;SWP;A;C;SOUTH STICKNY SD;IL0430060
MADISON;GWP;A;C;SOUTH WILMINGTON;IL1195550
ALEXANDER;GW;A;C;SOUTHEAST JOLIET SD;IL0030020
MARSHALL;GW;A;C;SOUTHEAST REGIONAL WATER FACILITY;IL1230200
RANDOLPH;SW;A;C;SOUTHERN IL UNIVERSITY-EDWARDSVILLE;IL1570600
MCLEAN;GW;A;C;SOUTHWATER INC;IL1135140
COOK;SWP;A;C;SPARLAND;IL0315145
BUREAU;GW;A;C;SPARTA;IL0111000
WHITE;SWP;A;C;SPIN LAKE HOMEOWNERS ASSOCIATION, INC.;IL1930450
SANGAMON;SW;A;C;SPRING LAKES MHP;IL1671200
KANKAKEE;GW;A;C;SPRING VALLEY;IL0910700
KNOX;GW;A;C;SPRINGERTON;IL0950500
KANE;GW;A;C;SPRINGFIELD;IL0894830
FAYETTE;SWP;A;C;ST ANNE;IL0510250
LAWRENCE;GW;A;C;ST AUGUSTINE;IL1010250
MADISON;SWP;A;C;ST CHARLES;IL1190950
ST CLAIR;GW;A;C;ST ELMO;IL1631200
FAYETTE;SWP;A;C;ST FRANCISVILLE;IL0510300
CLINTON;SWP;A;C;ST JACOB;IL0275250
PUTNAM;GW;A;C;ST LIBORY;IL1550300
MCLEAN;GW;A;C;ST PETER;IL1131000
WILL;GWP;A;C;ST ROSE PWD;IL1977910
MACOUPIN;SW;A;C;STANDARD;IL1171050
MACOUPIN;SWP;A;C;STANFORD;IL1175250
RANDOLPH;GW;A;C;STATEVILLE CORRECTIONAL CENTER;IL1570650
DU PAGE;SWP;A;C;STAUNTON;IL0437160
COOK;GW;A;C;STAUNTON RESERVOIR ROAD WATER COOP;IL0314860
FORD;GW;A;C;STEELEVILLE;IL0535100
STEPHENSON;GW;A;C;STEEPLE RUN SBDV;IL1775235
COOK;SWP;A;C;STEGER;IL0315850
LEE;GW;A;C;STELLE COMMUNITY ASSN;IL1030450
SHELBY;GW;A;C;STEPHENSON MOBILE ESTATES;IL1730400
COOK;SWP;A;C;STERLING ESTATES MHP;IL0313000
OGLE;GW;A;C;STEWARD;IL1410550
JO DAVIESS;GW;A;C;STEWARDSON;IL0850450
COOK;SWP;A;C;STICKNEY;IL0313030
SALINE;GWP;A;C;STILLMAN VALLEY;IL1654880
CHAMPAIGN;GWP;A;C;STOCKTON;IL0190070
CHRISTIAN;GW;A;C;STONE PARK;IL0210550
KENDALL;GW;A;C;STONEFORT;IL0935250
SHELBY;SWP;A;C;STONETOWN OAKS MHP LLC;IL1730450
MCDONOUGH;GW;A;C;STONINGTON;IL1095200
LIVINGSTON;GW;A;C;STORYBOOK HIGHLANDS;IL1050700
COOK;SWP;A;C;STRASBURG;IL0313060
HENDERSON;GW;A;C;STRATFORD WEST APARTMENTS;IL0710400
LEE;GW;A;C;STRAWN;IL1030500
DE KALB;GW;A;C;STREAMWOOD;IL0375148
ROCK ISLAND;GW;A;C;STRONGHURST;IL1615800
IROQUOIS;GWP;A;C;SUBLETTE;IL0750910
SANGAMON;SWP;A;C;SUBURBAN APARTMENTS (DE KALB UNIV DVL);IL1675300
KANE;GW;A;C;SUBURBAN HEIGHTS SUBDIVISION;IL0890850
MOULTRIE;GW;A;C;SUGAR CREEK MANUFACTURED HOME COMM., LLC;IL1390300
ST CLAIR;SWP;A;C;SUGAR CRK PWD;IL1631350
COOK;SWP;A;C;SUGAR GROVE;IL0310060
LAWRENCE;GWP;A;C;SULLIVAN;IL1010300
KANKAKEE;GW;A;C;SUMMERFIELD;IL0915545
HENRY;GW;A;C;SUMMIT;IL0735300
WILL;GW;A;C;SUMNER;IL1977730
COOK;SWP;A;C;SUNNY ACRES MHP;IL0310080
MERCER;GW;A;C;SUNNY HILL ESTATES SUBDIVISION;IL1315200
DE KALB;GW;A;C;SUNNYLAND SUBDIVISION;IL0370550
LAKE;GW;A;C;SUNSET MHP;IL0977100
PEORIA;GWP;A;C;SWEDONA WATER ASSOCIATION;IL1430030
FULTON;GWP;A;C;SYCAMORE;IL0570900
MENARD;GW;A;C;SYLVAN LAKE 1ST SUBDIVISION;IL1290250
PERRY;SWP;A;C;T-L RURAL WATER DISTRICT;IL1450250
ALEXANDER;GW;A;C;TABLE GROVE;IL0030100
WHITESIDE;GW;A;C;TALLULA;IL1950550
LAKE;GW;A;C;TAMAROA;IL0971130
MONTGOMERY;SWP;A;C;TAMMS;IL1350650
CHRISTIAN;SW;A;C;TAMPICO;IL0210600
ROCK ISLAND;GW;A;C;TANNERON BAY HOMEOWNERS ASSOCIATION;IL1615540
EFFINGHAM;SWP;A;C;TAYLOR SPRINGS;IL0490450
IROQUOIS;GW;A;C;TAYLORVILLE;IL0750850
SANGAMON;SWP;A;C;TENNANTS SHADY OAKS SUBDIVISION;IL1671250
LAKE;GW;A;C;TEUTOPOLIS;IL0970310
ALEXANDER;GW;A;C;THAWVILLE;IL0030150
CHAMPAIGN;GW;A;C;THAYER;IL0190950
FRANKLIN;SWP;A;C;THE PRESERVE AT LONG GROVE;IL0550500
CARROLL;GW;A;C;THEBES;IL0150350
COOK;SWP;A;C;THOMASBORO;IL0313090
MADISON;SWP;A;C;THOMPSONVILLE;IL1195450
RANDOLPH;SWP;A;C;THOMSON;IL1570700
HENRY;GW;A;C;THORNTON;IL0735450
WINNEBAGO;GW;A;C;THREE COUNTY PWD;IL2015745
STEPHENSON;GW;A;C;TILDEN;IL1775255
HENRY;GW;A;C;TIMBER BROOK ESTATES;IL0735470
WOODFORD;GW;A;C;TIMBER CREEK MHP/FORMERLY TIMBERLANE MHP;IL2035200
WOODFORD;GWP;A;C;TIMBER RIDGE MOBILE ESTATES;IL2035225
COOK;SWP;A;C;TIMBER RIDGE SBDV;IL0314910
BUREAU;GW;A;C;TIMBERLAN SUBDIVISION;IL0111050
CUMBERLAND;GW;A;C;TIMBERLINE MHP;IL0350200
CHAMPAIGN;GWP;A;C;TINLEY PARK;IL0191000
MARSHALL;GW;A;C;TISKILWA;IL1230250
LA SALLE;GW;A;C;TOLEDO;IL0991150
STARK;GW;A;C;TOLONO;IL1750150
CHRISTIAN;SWP;A;C;TOLUCA;IL0210650
MCLEAN;SWP;A;C;TONICA;IL1131050
SHELBY;GW;A;C;TOULON;IL1730500
LAKE;GW;A;C;TOVEY;IL0975010
ROCK ISLAND;GW;A;C;TOWANDA;IL1615780
LAKE;GW;A;C;TOWER HILL;IL0977250
TAZEWELL;GW;A;C;TOWER LAKES;IL1790700
CLINTON;SWP;A;C;TOWER RIDGE SUBDIVISION;IL0270500
DE KALB;GWP;A;C;TOWNERS SUBDIVISION;IL0374865
CHAMPAIGN;GW;A;C;TREMONT;IL0195925
MADISON;SWP;A;C;TRENTON;IL1190080
MADISON;GW;A;C;TRIANGLE MANUFACTURED HOME COMMUNITY;IL1191000
DOUGLAS;GWP;A;C;TRIANGLE MHP;IL0415030
CHAMPAIGN;GWP;A;C;TRITOWNSHIP WATER DISTRICT;IL0195500
PULASKI;GWP;A;C;TROY;IL1530350
MCHENRY;GW;A;C;TUSCOLA;IL1110900
CLARK;GW;A;C;U OF I-CHAMPAIGN;IL0235400
MERCER;GW;A;C;ULLIN;IL1315300
MADISON;GWP;A;C;UNION;IL1190260
ADAMS;GWP;A;C;UNION-YORK WATER DISTRICT;IL0010700
WILLIAMSON;SWP;A;C;UNITY WATER CORPORATION;IL1995247
WILL;GW;A;C;UNIVERSITY FLATS MHP;IL1975200
JO DAVIESS;GW;A;C;URSA;IL0855150
LAKE;SWP;A;C;US FEDERAL PENITENTIARY-MARION;IL0975350
WILL;GW;A;C;UTL INC CAMELOT;IL1975280
DU PAGE;GW;A;C;UTL INC-APPLE CANYON UTILITIES COMPANY;IL0435300
WINNEBAGO;GW;A;C;UTL INC-CHAR-MAR WATER COMPANY;IL2015160
WINNEBAGO;GW;A;C;UTL INC-CHERRY HILL WATER COMPANY;IL2015150
LAKE;SWP;A;C;UTL INC-CLARENDON WATER COMPANY;IL0975370
KANE;GW;A;C;UTL INC-COVENTRY CREEK SUBDIVISION;IL0895800
JO DAVIESS;GW;A;C;UTL INC-COVENTRY HILLS UTILITIES, INC.;IL0855050
LAKE;GW;A;C;UTL INC-DEL-MAR WATER COMPANY;IL0975620
MCHENRY;GW;A;C;UTL INC-FERSON CREEK UTILITIES CORP;IL1115350
MCHENRY;GW;A;C;UTL INC-GALENA TERRITORY;IL1115400
LA SALLE;GW;A;C;UTL INC-HARBOR RIDGE UTILITES, INC.;IL0995200
KANE;GWP;A;C;UTL INC-HOLIDAY HILLS;IL0895200
MARSHALL;GW;A;C;UTL INC-KILLARNEY WATER COMPANY;IL1235200
STEPHENSON;GW;A;C;UTL INC-LAKE HOLIDAY;IL1775050
LAKE;GW;A;C;UTL INC-LAKE MARIAN WATER CORPORATION;IL0977300
MCHENRY;GW;A;C;UTL INC-LAKE WILDWOOD UTILITIES CORP;IL1115800
WINNEBAGO;GW;A;C;UTL INC-NORTHERN HILLS UTLITIES COMPANY;IL2010070
MCHENRY;GW;A;C;UTL INC-VALENTINE WATER SERVICE;IL1115700
FRANKLIN;SWP;A;C;UTL INC-WALK-UP WOODS WATER COMPANY;IL0550600
MCHENRY;GW;A;C;UTL INC-WESTLAKE  UTILITIES INC;IL1115189
TAZEWELL;GW;A;C;UTL INC-WHISPERING HILLS WATER COMPANY;IL1797010
DE KALB;GW;A;C;VALIER;IL0375200
WOODFORD;GW;A;C;VALLEY HI NURSING HOME;IL2030010
MONROE;GWP;A;C;VALLEY VIEW 4 AND 6-KNOLLS;IL1330250
BUREAU;GW;A;C;VALLEY VIEW SUBDIVISION (DEKALB);IL0115000
FAYETTE;SW;A;C;VALLEY VIEW SUBDIVISION (WOODFORD);IL0510350
FAYETTE;SWP;A;C;VALMEYER;IL0515500
MARSHALL;GW;A;C;VAN ORIN WATER COMPANY;IL1230300
TAZEWELL;GW;A;C;VANDALIA;IL1795050
JACKSON;SWP;A;C;VANDALIA CORRECTIONAL CENTER;IL0770550
EDGAR;GW;A;C;VARNA;IL0450400
VERMILION;GWP;A;C;VENADO LAKES-ARGYLL WATER ASSOCIATION;IL1835050
FULTON;SW;A;C;VERGENNES;IL0570950
MARION;SWP;A;C;VERMILION;IL1210550
LAKE;SWP;A;C;VERMILION GROVE WATERWORKS;IL0971750
BROWN;GW;A;C;VERMONT;IL0090200
KNOX;GW;A;C;VERNON;IL0950550
JOHNSON;SW;A;C;VERNON HILLS - LAKE CO PW;IL0870350
JOHNSON;SW;A;C;VERSAILLES;IL0875510
DU PAGE;SWP;A;C;VICTORIA;IL0437245
DOUGLAS;GW;A;C;VIENNA;IL0410350
DU PAGE;SWP;A;C;VIENNA CORRECTIONAL CENTER;IL0430800
MERCER;GW;A;C;VIETZEN MHP;IL1310450
MACOUPIN;SWP;A;C;VILLA GROVE;IL1171100
CASS;GW;A;C;VILLA PARK;IL0170250
LAKE;GW;A;C;VIOLA;IL0971770
MARION;SWP;A;C;VIRDEN;IL1215510
LAKE;GW;A;C;VIRGINIA;IL0977320
MONTGOMERY;GW;A;C;VOLO;IL1350700
BUREAU;GW;A;C;W G MURRAY DEVELOPMENT CENTER;IL0111100
MARION;SWP;A;C;WADSWORTH OAKS SUBDIVISION;IL1210600
JEFFERSON;SWP;A;C;WAGGONER;IL0810400
MARION;SWP;A;C;WALNUT;IL1214920
DE WITT;GW;A;C;WALNUT HILL;IL0390250
JO DAVIESS;GW;A;C;WALTONVILLE;IL0850500
MACON;GW;A;C;WAMAC;IL1150500
DU PAGE;GW;A;C;WAPELLA;IL0430833
HANCOCK;SW;A;C;WARREN;IL0670650
KANE;GW;A;C;WARRENSBURG;IL0890110
WOODFORD;GW;A;C;WARRENVILLE;IL2034940
TAZEWELL;GW;A;C;WARSAW;IL1790750
WASHINGTON;SWP;A;C;WASCO SD;IL1895600
KNOX;GW;A;C;WASHBURN;IL0950600
IROQUOIS;GW;A;C;WASHINGTON;IL0755365
ROCK ISLAND;GW;A;C;WASHINGTON COUNTY WATER COMPANY;IL1615130
MONROE;SWP;A;C;WATAGA;IL1330300
DE KALB;GW;A;C;WATCH E KEE MANUFACTURED HOME COMMUNITY;IL0370600
IROQUOIS;GW;A;C;WATER WERKS;IL0750900
EFFINGHAM;SWP;A;C;WATERLOO;IL0490500
LAKE;GW;A;C;WATERMAN;IL0971850
LAKE;SW;A;C;WATSEKA;IL0971900
MORGAN;SW;A;C;WATSON;IL1370450
WAYNE;SW;A;C;WAUCONDA;IL1910450
DE WITT;GW;A;C;WAUKEGAN;IL0390300
COOK;GWP;A;C;WAVERLY;IL0312800
FULTON;SWP;A;C;WAYNE CITY;IL0570040
DE WITT;GW;A;C;WAYNESVILLE;IL0390350
IROQUOIS;GW;A;C;WEATHERSTONE LAKES MHP;IL0750950
MARSHALL;GW;A;C;WEE-MA-TUK WATER DISTRICT;IL1234950
LEE;GW;A;C;WELDON;IL1030550
DU PAGE;GW;A;C;WELLINGTON;IL0430900
FRANKLIN;SWP;A;C;WENONA;IL0550650
KANE;GW;A;C;WEST BROOKLYN;IL0890950
FRANKLIN;SWP;A;C;WEST CHICAGO;IL0550700
RICHLAND;SWP;A;C;WEST CITY;IL1595050
MORGAN;GWP;A;C;WEST DUNDEE;IL1370010
HANCOCK;GWP;A;C;WEST FRANKFORT;IL0670700
MCDONOUGH;GWP;A;C;WEST LIBERTY-DUNDAS WATER DISTRICT;IL1090030
DOUGLAS;GWP;A;C;WEST MORGAN WATER CORPORATION;IL0410030
EDWARDS;GWP;A;C;WEST POINT;IL0470200
LAKE;GW;A;C;WEST PRAIRIE WATER CO-OP;IL0977370
LAKE;GW;A;C;WEST PRAIRIE WATER COMPANY;IL0977050
DE WITT;GW;A;C;WEST SALEM;IL0395225
COOK;SWP;A;C;WEST SHORE PARK SUBDIVISION;IL0315820
LA SALLE;GWP;A;C;WEST SHORELAND SUBDIVISION;IL0995750
COOK;SWP;A;C;WEST SIDE MHP;IL0313150
MCDONOUGH;SWP;A;C;WEST SUBURBAN WATER COMMISSION;IL1095510
COOK;GW;A;C;WEST WALNUT TRAILER COURT;IL0313180
WAYNE;SWP;A;C;WESTCHESTER;IL1910010
CLARK;GWP;A;C;WESTERN ILLINOIS UNIVERSITY;IL0230200
DU PAGE;SWP;A;C;WESTERN SPRINGS;IL0430950
VERMILION;SWP;A;C;WESTERN WAYNE WATER DISTRICT;IL1830950
MCLEAN;GW;A;C;WESTFIELD;IL1135265
SANGAMON;SWP;A;C;WESTMONT;IL1670190
SANGAMON;SWP;A;C;WESTVILLE;IL1670210
DU PAGE;SWP;A;C;WESTWIND ESTATES;IL0431050
COOK;SWP;A;C;WESTWOOD;IL0314970
ROCK ISLAND;GWP;A;C;WESTWOOD PLACE;IL1610170
LAKE;GW;A;C;WHEATON;IL0970220
MACOUPIN;SWP;A;C;WHEELING;IL1171150
GREENE;GW;A;C;WHISPERING HILLS MHP;IL0610400
PIATT;GW;A;C;WHISPERING LAKES WATER SYSTEM, INC.;IL1475050
LEE;GW;A;C;WHITE CITY;IL1035050
JO DAVIESS;GW;A;C;WHITE HALL;IL0850030
LA SALLE;GW;A;C;WHITE HEATH WATERWORKS;IL0995425
LA SALLE;GW;A;C;WHITE OAKS ESTATES WATER ASSOC., INC.;IL0995265
LAKE;SWP;A;C;WIENEN ESTATES;IL0977350
WINNEBAGO;GW;A;C;WILDLIFE MHP;IL2015400
KNOX;GW;A;C;WILDWOOD COMMUNITIES;IL0950650
SANGAMON;SWP;A;C;WILDWOOD SUBDIVISION - LAKE CO PW;IL1671300
PERRY;SWP;A;C;WILDWOOD UTILITIES COMPANY;IL1450300
MCLEAN;SWP;A;C;WILLIAMSFIELD;IL1135130
JASPER;GW;A;C;WILLIAMSVILLE;IL0790300
KANE;SWP;A;C;WILLISVILLE;IL0894400
COOK;GW;A;C;WILLOW CREEK NORTH MHP;IL0317595
DU PAGE;SWP;A;C;WILLOW HILL;IL0431100
COOK;SW;A;C;WILLOW LAKE ESTATES MHP;IL0313300
WILL;SW;A;C;WILLOWAY TERRACE MHP;IL1971100
MACOUPIN;SWP;A;C;WILLOWBROOK;IL1171200
SCOTT;GW;A;C;WILMETTE;IL1710350
HENRY;GW;A;C;WILMINGTON;IL0730040
ROCK ISLAND;GW;A;C;WILSONVILLE;IL1615850
KANKAKEE;GW;A;C;WINCHESTER;IL0910070
SHELBY;GW;A;C;WINDCREST SUBDIVISION;IL1730550
KNOX;GWP;A;C;WINDING CREEK ESTATES;IL0955040
DU PAGE;SWP;A;C;WINDMILL ESTATES;IL0431150
WINNEBAGO;GW;A;C;WINDSOR;IL2010500
COOK;SW;A;C;WINDWOOD WATER SYSTEM, INC.;IL0313330
STEPHENSON;GW;A;C;WINFIELD;IL1770550
LAKE;SWP;A;C;WINNEBAGO;IL0971950
MONTGOMERY;GW;A;C;WINNETKA;IL1350850
LIVINGSTON;GWP;A;C;WINSLOW;IL1055520
HENRY;GW;A;C;WINTHROP HARBOR;IL0735120
MCHENRY;GW;A;C;WITT;IL1115750
DU PAGE;SWP;A;C;WM W FOX DEVELOPMENT CENTER;IL0431200
MADISON;GW;A;C;WOLF RIDGE WELL CORPORATION;IL1191150
LEE;GW;A;C;WONDER LAKE WATER COMPANY;IL1035100
HENRY;GW;A;C;WOOD DALE;IL0730750
IROQUOIS;GW;A;C;WOOD RIVER;IL0751000
ROCK ISLAND;GW;A;C;WOODHAVEN;IL1617925
JEFFERSON;SWP;A;C;WOODHULL;IL0810450
DU PAGE;SWP;A;C;WOODLAND;IL0431250
MCHENRY;GW;A;C;WOODLAND A AND B MHP;IL1110950
MADISON;SWP;A;C;WOODLAWN;IL1191200
COOK;SWP;A;C;WOODRIDGE;IL0313360
BUREAU;GW;A;C;WOODSTOCK;IL0111150
LAKE;GW;A;C;WORDEN;IL0970080
STARK;GW;A;C;WORTH;IL1750200
CLAY;SWP;A;C;WYANET;IL0250300
KNOX;GW;A;C;WYNSTONE WATER COMPANY;IL0950700
DU PAGE;SWP;A;C;WYOMING;IL0430010
KENDALL;GW;A;C;XENIA;IL0930250
CHAMPAIGN;GW;A;C;YATES CITY;IL0190040
FRANKLIN;SWP;A;C;YORK TOWNSHIP WATER SYSTEM;IL0550750
LAKE;SWP;A;C;YORKVILLE;IL0972000
LAKE;GW;I;C;YOUNGS HILLCREST MHP;IL0971140
LAKE;GW;I;C;ZEIGLER;IL0975020
WILL;GW;I;C;ZION;IL1975030
LAKE;SWP;I;C;2ND STREET WATER ASSOCIATION;IL0971220
ROCK ISLAND;SWP;I;C;ACORN ACRES SUBDIVISION;IL1610190
KENDALL;GW;I;C;AQUA ILLINOIS-UNIVERSITY PARK;IL0930010
LAKE;SWP;I;C;BEACH PARK NO.2;IL0975110
KANE;GW;I;C;BLACK HAWK COLLEGE MOLINE CAMPUS;IL0895125
LAKE;SWP;I;C;BONNIE LANE WATER SUPPLY;IL0970060
COOK;SWP;I;C;BRADLEY ROAD SYSTEM - LAKE CO PW;IL0319050
WILL;GW;I;C;BREAZEALE MHP;IL1975500
WILLIAMSON;SWP;I;C;BRIGHTON POND HOMEOWNERS ASSOCIATION;IL1995300
CHAMPAIGN;GWP;I;C;BROOKFIELD ZOOLOGICAL PARK;IL0195637
CHAMPAIGN;GW;I;C;CALUMET GARDENS-(UTILS UNLIM);IL0195728
WILL;GW;I;C;CARTERVILLE WEST PWD;IL1975360
DU PAGE;SWP;I;NTNC;CHANUTE AFB;IL0430090
HENRY;GWP;I;C;CHERRY ORCHARD APARTMENTS;IL0735345
PERRY;SWP;I;C;CLEARVIEW SUBDIVISION;IL1455360
JO DAVIESS;GWP;I;C;COLLEGE OF DUPAGE;IL0850550
TAZEWELL;GWP;I;C;COLONA PARK LLC - FORMERLY KERSHAW MHP;IL1795425
JACKSON;SWP;I;C;CONSOLIDATED PWD;IL0775050
MADISON;GWP;I;C;COUNTRY AIRE MHP (JODAVIESS COUNTY);IL1190090
CHAMPAIGN;GW;I;C;COUNTRY SIDE ESTATES MHP;IL0190030
HAMILTON;GWP;I;C;CRAB ORCHARD PWD;IL0655050
DE WITT;GW;I;C;CRESCENT MHP;IL0395129
OGLE;GW;I;NTNC;D AND R APTS;IL1419050
WILL;GW;I;C;DALE PWD;IL1975640
LAKE;GW;I;C;DE WITT COUNTY NURSING HOME;IL0975820
RANDOLPH;SWP;I;C;DEL MONTE CORP-PLANT 109;IL1575600
DU PAGE;GW;I;C;EAST MORELAND WATER CORPORATION;IL0430080
DU PAGE;GW;I;NTNC;ECHO LAKE WATER SYSTEM BLOCK 7;IL0430070
MADISON;SWP;I;C;EDEN PWD;IL1195100
LA SALLE;GW;I;C;FERMI NTL ACCL LAB- D-0 AREA;IL0990080
COOK;SWP;I;C;FERMI NTL ACCL LAB- MAIN SITE;IL0315750
JERSEY;SWP;I;C;FOREST HOMES-MAPLE PARK PWD;IL0830200
SANGAMON;SWP;I;C;GLENWOOD - OUTBACK;IL1670070
KANKAKEE;GW;I;C;GOLF GREENWOOD IMPROVEMENT ASSOCIATION;IL0910400
BOONE;GW;I;NTNC;GRAFTON;IL0079050
WILL;GWP;I;C;GRAND VALLEY VILLAGE MHP;IL1970210
DU PAGE;GW;I;C;GRANT PARK;IL0435560
MCHENRY;GW;I;C;GREEN GIANT PACKING COMPANY;IL1115300
WABASH;GW;I;C;HIDDEN VALLEY CREEK APARTMENTS;IL1855125
COOK;SWP;I;C;HIGHLAND HILLS SD;IL0310280
LA SALLE;SWP;I;C;HIGHLAND SHORES WATER COMPANY;IL0990900
CHAMPAIGN;GW;I;C;HILLSIDE MOBILE HOME VILLAGE;IL0190750
HENRY;GWP;I;C;HOLY FAMILY VILLA;IL0730110
WILL;GW;I;C;IL AMERICAN-RANSOM;IL1977940
RICHLAND;SWP;I;C;IL AMERICAN-SADORUS;IL1595125
CRAWFORD;GWP;I;C;IL YOUTH CENTER KEWANEE;IL0330030
ROCK ISLAND;GW;I;C;KANKAKEE CORRECTIONAL CENTER;IL1617485
BUREAU;GW;I;C;KINCADE ACRES MHP;IL0115050
JACKSON;SWP;I;C;KIRK WATER LINE INC;IL0775440
STEPHENSON;GW;I;C;L AND G MHP;IL1779500
MCHENRY;GW;I;C;LAKE ARISPIE WATER COMPANY, INC.;IL1110120
COLES;GW;I;C;LAKE INDIAN HILLS SUBDIVISION;IL0295225
LAWRENCE;GWP;I;C;LAKE LE-AQUA-NA STATE PARK;IL1010010
LOGAN;GWP;I;C;LAKEVIEW ACRES HOME OWNERS ASSN;IL1075450
SHELBY;GWP;I;C;LAKEVIEW RANCH MHP;IL1730020
JO DAVIESS;GW;I;C;LAWRENCE COUNTY CORRECTIONAL CENTER;IL0850020
COOK;SWP;I;NC;LINCOLN CORRECTIONAL CENTER;IL0317930
KANKAKEE;GWP;I;C;LINCOLN PRAIRIE WATER COMPANY;IL0910110
KANKAKEE;GWP;I;C;LONGHOLLOW POINT;IL0910090
EFFINGHAM;GWP;I;C;MADDEN MHC;IL0490300
MCHENRY;GW;I;C;MAPLE RIDGE MHP;IL1110930
CARROLL;GW;I;NC;MAPLE VALLEY MHP;IL0159510
MCLEAN;GW;I;NC;MASON;IL1139520
DU PAGE;GW;I;C;MEADOWS OF WEST BAY WATER TREATMENT;IL0435900
JERSEY;GWP;I;C;MISSISSIPPI PALISADES STATE PARK;IL0835080
KANKAKEE;GWP;I;C;MORAINE VIEW STATE PARK;IL0910120
MCHENRY;GWP;I;C;NORTHWEST BELMONT IMPROVEMENT ASSOCIATIO;IL1115125
PERRY;SWP;I;C;NUTWOOD WATER DISTRICT;IL1455350
COOK;GW;I;C;OAK RIDGE MHP;IL0310260
BUREAU;GW;I;C;OAKBROOK ESTATES MHP;IL0115429
KANE;GW;I;C;OLD DUQUOIN PWD;IL0890090
WILL;GW;I;C;OLYMPIA FIELDS COUNTRY CLUB;IL1977330
JERSEY;GW;I;C;ORCHARD VIEW REHAB & HEALTH CARE CENTER;IL0839530
JACKSON;SWP;I;C;OTTER CREEK WATER RECLAIMATION DISTRICT;IL0775430
LAKE;GW;I;C;PARK ROAD WATER ASSOCIATION;IL0971180
JOHNSON;GWP;I;C;PERE MARQUETTE STATE PARK;IL0870020
CHAMPAIGN;GW;I;C;PINE SHORE APARTMENTS;IL0195845
COOK;GW;I;C;PINE VIEW APARTMENTS;IL0317080
PERRY;SWP;I;C;PLEASANT GROVE WATER SUPPLY CORPORATION;IL1455380
LAKE;GW;I;C;PLEASANT PLAINS MHP;IL0971100
LAKE;GW;I;C;PLUM CREEK CONDOS;IL0975950
RICHLAND;GWP;I;C;POSSUM BRANCH WTR ASSOCIATION;IL1590020
EDGAR;GW;I;C;PROVIDENCE AT PAINTED LAKES;IL0450350
DE WITT;GW;I;C;RAND ESTS SBDV;IL0395185
WINNEBAGO;GWP;I;C;RE WATER CORPORATION;IL2015655
LAKE;SWP;I;C;REDMON;IL0971451
MONTGOMERY;SWP;I;C;RIDGEVIEW MHP;IL1355150
BOND;SWP;I;C;RIVERVIEW MHP (WINNEBAG0);IL0055100
TAZEWELL;GW;I;C;RIVERWOODS SPECIAL SERVICE DISTRICT 3;IL1797300
LEE;GW;I;C;ROCKY HOLLOW WATER DISTRICT;IL1030350
ST CLAIR;SWP;I;C;ROYAL LAKE WATER DISTRICT;IL1635240
COOK;GW;I;C;SADDLEBROOK ESTATES SUBDIVISION;IL0317725
JACKSON;SWP;I;C;SAUK VALLEY STUDENT HOUSING;IL0775450
SALINE;GWP;I;C;SCOTT AFB PROPERTIES LLC;IL1650300
MCLEAN;SWP;I;C;SILO MHP;IL1130090
FULTON;GUP;I;C;SIU PROPERTIES VIA CARBONDALE;IL0570260
LAKE;GW;I;C;SOUTHEASTERN ILLINOIS COLLEGE;IL0977010
DU PAGE;GW;I;NC;SOUTHGATE ESTATES MHC;IL0439090
ADAMS;GWP;I;C;SPOON RIVER COLLEGE;IL0015815
LAKE;GW;I;C;STURM SBDV;IL0971210
MONROE;GW;I;C;SUBURBAN HOSPITAL;IL1335050
COOK;SWP;I;C;T AND C MOBILE ESTATES MHP;IL0317850
WILL;GW;I;C;TERRACE OAK APARTMENTS;IL1975465
DU PAGE;GWP;I;C;TIMBERLAKES HOMEOWNERS ASSOCIATION;IL0437300
CRAWFORD;GWP;I;C;TINLEY PARK MHC;IL0335200
UNION;GW;I;NC;TREASURE ISLAND MHP;IL1810010
COOK;SWP;I;C;TRI-STATE VILLAGE;IL0315320
LAKE;SWP;I;C;TRIMBLE WATER COMPANY;IL0971170
RICHLAND;GWP;I;C;UNION COUNTY CONSERVATION AREA;IL1595150
STEPHENSON;GWP;I;C;UNION PACIFIC RAILROAD;IL1770210
MADISON;SWP;I;C;UNIVERSITY ST MARY OF THE LAKE;IL1191100
WILL;GW;I;C;WATERGATE SUBDIVISION;IL1975495
MCHENRY;GW;I;C;WESTPORT VILLAGE APARTMENT LP;IL1110130
SANGAMON;SWP;I;C;WILLIAMSON;IL1670100
LA SALLE;GW;I;C;WOODCREEK MHP;IL0990030
DU PAGE;SWP;I;C;WOODS CREEK WATER SUPPLY;IL0437550
FULTON;GWP;P;C;WOODSIDE MHC;IL0578020
MCDONOUGH;SWP;P;C;WOODSMOKE RANCH ASSOCIATION;IL1090380
COOK;SWP;P;C;YORK CENTER COOP;IL0311960
COOK;SWP;P;C;BERNADOTTE TOWNSHIP;IL0312020